stand_number,phase,area_sqm,cost_per_sqm,total_cost
1,E,1235.0,15.0,18525
2,E,730.0,15.0,10950
3,E,731.0,15.0,10965
4,E,731.0,15.0,10965
5,E,731.0,15.0,10965
6,E,731.0,15.0,10965
7,E,731.0,15.0,10965
8,E,731.0,15.0,10965
9,E,732.0,15.0,10980
10,E,732.0,15.0,10980
11,E,740.0,15.0,11100
12,E,722.0,15.0,10830
13,E,742.0,15.0,11130
14,E,732.0,15.0,10980
15,E,732.0,15.0,10980
16,E,726.0,15.0,10890
17,E,743.0,15.0,11145
18,E,724.0,15.0,10860
19,E,802.0,15.0,12030
20,E,678.0,15.0,10170
21,E,606.0,15.0,9090
22,E,597.0,15.0,8955
23,E,603.0,15.0,9045
24,E,609.0,15.0,9135
25,E,598.0,15.0,8970
26,E,606.0,15.0,9090
27,E,603.0,15.0,9045
28,E,597.0,15.0,8955
29,E,608.0,15.0,9120
30,E,603.0,15.0,9045
31,E,601.0,15.0,9015
32,E,601.0,15.0,9015
33,E,606.0,15.0,9090
34,E,597.0,15.0,8955
35,E,607.0,15.0,9105
36,E,601.0,15.0,9015
37,E,602.0,15.0,9030
38,E,600.0,15.0,9000
39,E,604.0,15.0,9060
40,E,643.0,15.0,9645
41,E,648.0,15.0,9720
42,E,593.0,15.0,8895
43,E,606.0,15.0,9090
44,E,599.0,15.0,8985
45,E,601.0,15.0,9015
46,E,602.0,15.0,9030
47,E,604.0,15.0,9060
48,E,602.0,15.0,9030
49,E,601.0,15.0,9015
50,E,602.0,15.0,9030
51,E,608.0,15.0,9120
52,E,609.0,15.0,9135
53,E,591.0,15.0,8865
54,E,610.0,15.0,9150
55,E,601.0,15.0,9015
56,E,599.0,15.0,8985
57,E,603.0,15.0,9045
58,E,606.0,15.0,9090
59,E,597.0,15.0,8955
60,E,608.0,15.0,9120
61,E,679.0,15.0,10185
62,E,653.0,15.0,9795
63,E,655.0,15.0,9825
64,E,648.0,15.0,9720
65,E,659.0,15.0,9885
66,E,660.0,15.0,9900
67,E,647.0,15.0,9705
68,E,663.0,15.0,9945
69,E,601.0,15.0,9015
70,E,644.0,15.0,9660
71,E,655.0,15.0,9825
72,E,650.0,15.0,9750
73,E,1000.0,15.0,15000
74,E,588.0,15.0,8820
75,E,784.0,15.0,11760
76,E,724.0,15.0,10860
77,E,725.0,15.0,10875
78,E,1336.0,15.0,20040
79,E,808.0,15.0,12120
80,E,800.0,15.0,12000
81,E,796.0,15.0,11940
82,E,796.0,15.0,11940
83,E,1014.0,15.0,15210
84,E,795.0,15.0,11925
85,E,795.0,15.0,11925
86,E,1103.0,15.0,16545
87,E,1644.0,15.0,24660
88,E,1009.0,15.0,15135
89,E,1090.0,15.0,16350
90,E,1522.0,15.0,22830
91,E,787.0,15.0,11805
92,E,782.0,15.0,11730
93,E,767.0,15.0,11505
94,E,805.0,15.0,12075
95,E,799.0,15.0,11985
96,E,792.0,15.0,11880
97,E,796.0,15.0,11940
98,E,922.0,15.0,13830
99,E,801.0,15.0,12015
100,E,723.0,15.0,10845
101,E,723.0,15.0,10845
102,E,778.0,15.0,11670
103,E,928.0,15.0,13920
104,E,765.0,15.0,11475
105,E,1128.0,15.0,16920
106,E,929.0,15.0,13935
107,E,1002.0,15.0,15030
108,E,866.0,15.0,12990
109,E,831.0,15.0,12465
110,E,884.0,15.0,13260
111,E,768.0,15.0,11520
112,E,908.0,15.0,13620
113,E,877.0,15.0,13155
114,E,963.0,15.0,14445
115,E,792.0,15.0,11880
116,E,792.0,15.0,11880
117,E,784.0,15.0,11760
118,E,795.0,15.0,11925
119,E,803.0,15.0,12045
120,E,708.0,15.0,10620
121,E,799.0,15.0,11985
122,E,799.0,15.0,11985
123,E,803.0,15.0,12045
124,E,708.0,15.0,10620
125,E,879.0,15.0,13185
126,E,797.0,15.0,11955
127,E,796.0,15.0,11940
128,E,796.0,15.0,11940
129,E,796.0,15.0,11940
130,E,718.0,15.0,10770
131,E,720.0,15.0,10800
132,E,711.0,15.0,10665
133,E,720.0,15.0,10800
134,E,719.0,15.0,10785
135,E,1085.0,15.0,16275
136,E,1089.0,15.0,16335
137,E,799.0,15.0,11985
138,E,798.0,15.0,11970
139,E,796.0,15.0,11940
140,E,798.0,15.0,11970
141,E,797.0,15.0,11955
142,E,797.0,15.0,11955
143,E,797.0,15.0,11955
144,E,798.0,15.0,11970
145,E,799.0,15.0,11985
146,E,772.0,15.0,11580
147,E,1397.0,15.0,20955
148,E,799.0,15.0,11985
149,E,799.0,15.0,11985
150,E,799.0,15.0,11985
151,E,799.0,15.0,11985
152,E,799.0,15.0,11985
153,E,800.0,15.0,12000
154,E,799.0,15.0,11985
155,E,799.0,15.0,11985
156,E,799.0,15.0,11985
157,E,781.0,15.0,11715
158,E,787.0,15.0,11805
159,E,800.0,15.0,12000
160,E,800.0,15.0,12000
161,E,800.0,15.0,12000
162,E,800.0,15.0,12000
163,E,800.0,15.0,12000
164,E,800.0,15.0,12000
165,E,800.0,15.0,12000
166,E,800.0,15.0,12000
167,E,800.0,15.0,12000
168,E,800.0,15.0,12000
169,E,800.0,15.0,12000
170,E,800.0,15.0,12000
171,E,783.0,15.0,11745
172,E,1220.0,15.0,18300
173,E,654.0,15.0,9810
174,E,666.0,15.0,9990
175,E,648.0,15.0,9720
176,E,670.0,15.0,10050
177,E,1109.0,15.0,16635
178,E,866.0,15.0,12990
179,E,660.0,15.0,9900
180,E,657.0,15.0,9855
181,E,1152.0,15.0,17280
182,E,1009.0,15.0,15135
183,E,800.0,15.0,12000
184,E,800.0,15.0,12000
185,E,800.0,15.0,12000
186,E,800.0,15.0,12000
187,E,800.0,15.0,12000
188,E,800.0,15.0,12000
189,E,800.0,15.0,12000
190,E,800.0,15.0,12000
191,E,800.0,15.0,12000
192,E,784.0,15.0,11760
193,E,653.0,15.0,9795
194,E,607.0,15.0,9105
195,E,602.0,15.0,9030
196,E,609.0,15.0,9135
197,E,601.0,15.0,9015
198,E,602.0,15.0,9030
199,E,602.0,15.0,9030
200,E,652.0,15.0,9780
201,E,765.0,15.0,11475
202,E,716.0,15.0,10740
203,E,702.0,15.0,10530
204,E,716.0,15.0,10740
205,E,925.0,15.0,13875
206,E,2039.0,15.0,30585
207,E,1173.0,15.0,17595
208,E,1638.0,15.0,24570
209,E,815.0,15.0,12225
210,E,712.0,15.0,10680
211,E,775.0,15.0,11625
212,E,1171.0,15.0,17565
213,E,1035.0,15.0,15525
214,E,1034.0,15.0,15510
215,E,1035.0,15.0,15525
216,E,1035.0,15.0,15525
217,E,1026.0,15.0,15390
218,E,1035.0,15.0,15525
219,E,1181.0,15.0,17715
220,E,797.0,15.0,11955
221,E,1291.0,15.0,19365
222,E,800.0,15.0,12000
223,E,798.0,15.0,11970
224,E,791.0,15.0,11865
225,E,799.0,15.0,11985
226,E,801.0,15.0,12015
227,E,800.0,15.0,12000
228,E,790.0,15.0,11850
229,E,801.0,15.0,12015
230,E,799.0,15.0,11985
231,E,1002.0,15.0,15030
232,E,966.0,15.0,14490
233,E,959.0,15.0,14385
234,E,895.0,15.0,13425
235,E,900.0,15.0,13500
236,E,966.0,15.0,14490
237,E,1120.0,15.0,16800
238,E,803.0,15.0,12045
239,E,789.0,15.0,11835
240,E,803.0,15.0,12045
241,E,807.0,15.0,12105
242,E,804.0,15.0,12060
243,E,800.0,15.0,12000
244,E,792.0,15.0,11880
245,E,818.0,15.0,12270
246,E,802.0,15.0,12030
247,E,1971.0,15.0,29565
248,E,1032.0,15.0,15480
249,E,1035.0,15.0,15525
250,E,1034.0,15.0,15510
251,E,1076.0,15.0,16140
252,E,1308.0,15.0,19620
253,E,796.0,15.0,11940
254,E,794.0,15.0,11910
255,E,800.0,15.0,12000
256,E,800.0,15.0,12000
257,E,1099.0,15.0,16485
258,E,800.0,15.0,12000
259,E,800.0,15.0,12000
260,E,800.0,15.0,12000
261,E,800.0,15.0,12000
262,E,800.0,15.0,12000
263,E,800.0,15.0,12000
264,E,800.0,15.0,12000
265,E,993.0,15.0,14895
266,E,805.0,15.0,12075
267,E,803.0,15.0,12045
268,E,799.0,15.0,11985
269,E,837.0,15.0,12555
270,E,394.0,15.0,5910
271,E,418.0,15.0,6270
272,E,428.0,15.0,6420
273,E,416.0,15.0,6240
274,E,408.0,15.0,6120
275,E,470.0,15.0,7050
276,E,495.0,15.0,7425
277,E,426.0,15.0,6390
278,E,426.0,15.0,6390
279,E,427.0,15.0,6405
280,E,425.0,15.0,6375
281,E,400.0,15.0,6000
282,I,437.0,15.0,6555
283,I,311.0,15.0,4665
284,I,297.0,15.0,4455
285,I,301.0,15.0,4515
286,I,293.0,15.0,4395
287,I,303.0,15.0,4545
288,I,297.0,15.0,4455
289,I,301.0,15.0,4515
290,I,303.0,15.0,4545
291,I,297.0,15.0,4455
292,I,317.0,15.0,4755
293,I,295.0,15.0,4425
294,I,302.0,15.0,4530
295,I,293.0,15.0,4395
296,I,303.0,15.0,4545
297,I,297.0,15.0,4455
298,I,303.0,15.0,4545
299,I,297.0,15.0,4455
300,I,302.0,15.0,4530
301,I,300.0,15.0,4500
302,I,297.0,15.0,4455
303,I,302.0,15.0,4530
304,I,298.0,15.0,4470
305,I,388.0,15.0,5820
306,I,300.0,15.0,4500
307,I,300.0,15.0,4500
308,I,300.0,15.0,4500
309,I,300.0,15.0,4500
310,I,300.0,15.0,4500
311,I,356.0,15.0,5340
312,I,361.0,15.0,5415
313,I,300.0,15.0,4500
314,I,300.0,15.0,4500
315,I,300.0,15.0,4500
316,I,300.0,15.0,4500
317,I,425.0,15.0,6375
318,I,1035.0,15.0,15525
319,I,482.0,15.0,7230
320,I,370.0,15.0,5550
321,I,377.0,15.0,5655
322,I,369.0,15.0,5535
323,I,677.0,15.0,10155
324,I,336.0,15.0,5040
325,I,429.0,15.0,6435
326,I,295.0,15.0,4425
327,I,302.0,15.0,4530
328,I,296.0,15.0,4440
329,I,300.0,15.0,4500
330,I,404.0,15.0,6060
331,I,327.0,15.0,4905
332,I,302.0,15.0,4530
333,I,275.0,15.0,4125
334,I,328.0,15.0,4920
335,I,306.0,15.0,4590
336,I,300.0,15.0,4500
337,I,301.0,15.0,4515
338,I,295.0,15.0,4425
339,I,300.0,15.0,4500
340,I,390.0,15.0,5850
341,I,344.0,15.0,5160
342,I,294.0,15.0,4410
343,I,294.0,15.0,4410
344,I,302.0,15.0,4530
345,I,505.0,15.0,7575
346,I,326.0,15.0,4890
347,I,302.0,15.0,4530
348,I,296.0,15.0,4440
349,I,344.0,15.0,5160
350,I,337.0,15.0,5055
351,I,300.0,15.0,4500
352,I,302.0,15.0,4530
353,I,317.0,15.0,4755
354,I,360.0,15.0,5400
355,I,337.0,15.0,5055
356,I,296.0,15.0,4440
357,I,304.0,15.0,4560
358,I,296.0,15.0,4440
359,I,297.0,15.0,4455
360,I,344.0,15.0,5160
361,I,335.0,15.0,5025
362,I,301.0,15.0,4515
363,I,596.0,15.0,8940
364,I,295.0,15.0,4425
365,I,301.0,15.0,4515
366,I,293.0,15.0,4395
367,I,294.0,15.0,4410
368,I,302.0,15.0,4530
369,I,298.0,15.0,4470
370,I,294.0,15.0,4410
371,I,378.0,15.0,5670
372,I,713.0,15.0,10695
373,I,671.0,15.0,10065
374,I,289.0,15.0,4335
375,I,289.0,15.0,4335
376,I,289.0,15.0,4335
377,I,289.0,15.0,4335
378,I,289.0,15.0,4335
379,I,288.0,15.0,4320
380,I,289.0,15.0,4335
381,I,289.0,15.0,4335
382,I,288.0,15.0,4320
383,I,288.0,15.0,4320
384,I,289.0,15.0,4335
385,I,288.0,15.0,4320
386,I,288.0,15.0,4320
387,I,289.0,15.0,4335
388,I,288.0,15.0,4320
389,I,288.0,15.0,4320
390,I,285.0,15.0,4275
391,I,290.0,15.0,4350
392,I,289.0,15.0,4335
393,I,286.0,15.0,4290
394,I,288.0,15.0,4320
395,I,288.0,15.0,4320
396,I,288.0,15.0,4320
397,I,289.0,15.0,4335
398,I,288.0,15.0,4320
399,I,288.0,15.0,4320
400,I,289.0,15.0,4335
401,I,292.0,15.0,4380
402,I,289.0,15.0,4335
403,I,289.0,15.0,4335
404,I,289.0,15.0,4335
405,I,289.0,15.0,4335
406,I,290.0,15.0,4350
407,I,289.0,15.0,4335
408,I,289.0,15.0,4335
409,I,289.0,15.0,4335
410,I,297.0,15.0,4455
411,I,676.0,15.0,10140
412,I,421.0,15.0,6315
413,I,597.0,15.0,8955
414,I,300.0,15.0,4500
415,I,339.0,15.0,5085
416,I,439.0,15.0,6585
417,I,287.0,15.0,4305
418,I,287.0,15.0,4305
419,I,287.0,15.0,4305
420,I,286.0,15.0,4290
421,I,288.0,15.0,4320
422,I,287.0,15.0,4305
423,I,288.0,15.0,4320
424,I,288.0,15.0,4320
425,I,288.0,15.0,4320
426,I,287.0,15.0,4305
427,I,288.0,15.0,4320
428,I,291.0,15.0,4365
429,I,286.0,15.0,4290
430,I,288.0,15.0,4320
431,I,287.0,15.0,4305
432,I,287.0,15.0,4305
433,I,287.0,15.0,4305
434,I,287.0,15.0,4305
435,I,287.0,15.0,4305
436,I,287.0,15.0,4305
437,I,287.0,15.0,4305
438,I,287.0,15.0,4305
439,I,286.0,15.0,4290
440,I,286.0,15.0,4290
441,I,287.0,15.0,4305
442,I,287.0,15.0,4305
443,I,442.0,15.0,6630
444,I,340.0,15.0,5100
445,I,298.0,15.0,4470
446,I,300.0,15.0,4500
447,I,302.0,15.0,4530
448,I,299.0,15.0,4485
449,I,304.0,15.0,4560
450,I,297.0,15.0,4455
451,I,302.0,15.0,4530
452,I,295.0,15.0,4425
453,I,302.0,15.0,4530
454,I,295.0,15.0,4425
455,I,303.0,15.0,4545
456,I,347.0,15.0,5205
457,I,458.0,15.0,6870
458,I,301.0,15.0,4515
459,I,292.0,15.0,4380
460,I,289.0,15.0,4335
461,I,296.0,15.0,4440
462,I,344.0,15.0,5160
463,I,342.0,15.0,5130
464,I,294.0,15.0,4410
465,I,300.0,15.0,4500
466,I,296.0,15.0,4440
467,I,520.0,15.0,7800
468,I,359.0,15.0,5385
469,I,296.0,15.0,4440
470,I,301.0,15.0,4515
471,I,300.0,15.0,4500
472,I,302.0,15.0,4530
473,I,301.0,15.0,4515
474,I,301.0,15.0,4515
475,I,300.0,15.0,4500
476,I,344.0,15.0,5160
477,I,345.0,15.0,5175
478,I,270.0,15.0,4050
479,I,291.0,15.0,4365
480,I,293.0,15.0,4395
481,I,291.0,15.0,4365
482,I,287.0,15.0,4305
483,I,288.0,15.0,4320
484,I,288.0,15.0,4320
485,I,288.0,15.0,4320
486,I,289.0,15.0,4335
487,I,287.0,15.0,4305
488,I,287.0,15.0,4305
489,I,290.0,15.0,4350
490,I,290.0,15.0,4350
491,I,269.0,15.0,4035
492,I,269.0,15.0,4035
493,I,288.0,15.0,4320
494,I,287.0,15.0,4305
495,I,287.0,15.0,4305
496,I,289.0,15.0,4335
497,I,284.0,15.0,4260
498,I,287.0,15.0,4305
499,I,288.0,15.0,4320
500,I,286.0,15.0,4290
501,I,288.0,15.0,4320
502,I,283.0,15.0,4245
503,I,283.0,15.0,4245
504,I,285.0,15.0,4275
505,I,266.0,15.0,3990
506,I,256.0,15.0,3840
507,I,282.0,15.0,4230
508,I,284.0,15.0,4260
509,I,284.0,15.0,4260
510,I,286.0,15.0,4290
511,I,284.0,15.0,4260
512,I,285.0,15.0,4275
513,I,285.0,15.0,4275
514,I,284.0,15.0,4260
515,I,284.0,15.0,4260
516,I,292.0,15.0,4380
517,I,286.0,15.0,4290
518,I,285.0,15.0,4275
519,I,286.0,15.0,4290
520,I,286.0,15.0,4290
521,I,285.0,15.0,4275
522,I,286.0,15.0,4290
523,I,286.0,15.0,4290
524,I,286.0,15.0,4290
525,I,287.0,15.0,4305
526,I,287.0,15.0,4305
527,I,287.0,15.0,4305
528,I,287.0,15.0,4305
529,I,261.0,15.0,3915
530,I,261.0,15.0,3915
531,I,287.0,15.0,4305
532,I,533.0,15.0,7995
533,I,534.0,15.0,8010
534,I,300.0,15.0,4500
535,I,300.0,15.0,4500
536,I,295.0,15.0,4425
537,I,299.0,15.0,4485
538,I,298.0,15.0,4470
539,I,301.0,15.0,4515
540,I,295.0,15.0,4425
541,I,336.0,15.0,5040
542,I,344.0,15.0,5160
543,I,296.0,15.0,4440
544,I,302.0,15.0,4530
545,I,286.0,15.0,4290
546,I,298.0,15.0,4470
547,I,298.0,15.0,4470
548,I,303.0,15.0,4545
549,I,487.0,15.0,7305
550,I,422.0,15.0,6330
551,I,312.0,15.0,4680
552,I,486.0,15.0,7290
553,I,303.0,15.0,4545
554,I,297.0,15.0,4455
555,I,302.0,15.0,4530
556,I,298.0,15.0,4470
557,I,300.0,15.0,4500
558,I,301.0,15.0,4515
559,I,301.0,15.0,4515
560,I,301.0,15.0,4515
561,I,301.0,15.0,4515
562,I,304.0,15.0,4560
563,I,489.0,15.0,7335
564,I,298.0,15.0,4470
565,I,301.0,15.0,4515
566,I,307.0,15.0,4605
567,I,394.0,15.0,5910
568,I,378.0,15.0,5670
569,I,355.0,15.0,5325
570,I,355.0,15.0,5325
571,I,368.0,15.0,5520
572,I,367.0,15.0,5505
573,I,408.0,15.0,6120
574,I,451.0,15.0,6765
575,I,302.0,15.0,4530
576,I,300.0,15.0,4500
577,I,600.0,15.0,9000
578,I,300.0,15.0,4500
579,I,300.0,15.0,4500
580,I,299.0,15.0,4485
581,I,301.0,15.0,4515
582,I,298.0,15.0,4470
583,I,300.0,15.0,4500
584,I,300.0,15.0,4500
585,I,296.0,15.0,4440
586,I,315.0,15.0,4725
587,I,429.0,15.0,6435
588,H,873.0,15.0,13095
589,D,506.0,15.0,7590
590,H,441.0,15.0,6615
591,H,405.0,15.0,6075
592,H,396.0,15.0,5940
593,H,405.0,15.0,6075
594,H,423.0,15.0,6345
595,H,421.0,15.0,6315
596,H,430.0,15.0,6450
597,H,440.0,15.0,6600
598,H,449.0,15.0,6735
599,H,447.0,15.0,6705
600,H,444.0,15.0,6660
601,H,418.0,15.0,6270
602,H,432.0,15.0,6480
603,H,424.0,15.0,6360
604,H,430.0,15.0,6450
605,H,424.0,15.0,6360
606,H,424.0,15.0,6360
607,H,422.0,15.0,6330
608,H,421.0,15.0,6315
609,H,423.0,15.0,6345
610,H,423.0,15.0,6345
611,H,423.0,15.0,6345
612,H,423.0,15.0,6345
613,H,752.0,15.0,11280
614,H,431.0,15.0,6465
615,H,403.0,15.0,6045
616,H,398.0,15.0,5970
617,H,405.0,15.0,6075
618,H,402.0,15.0,6030
619,H,398.0,15.0,5970
620,H,406.0,15.0,6090
621,H,397.0,15.0,5955
622,H,398.0,15.0,5970
623,H,399.0,15.0,5985
624,H,398.0,15.0,5970
625,H,396.0,15.0,5940
626,H,400.0,15.0,6000
627,H,398.0,15.0,5970
628,H,400.0,15.0,6000
629,H,398.0,15.0,5970
630,H,399.0,15.0,5985
631,H,401.0,15.0,6015
632,H,400.0,15.0,6000
633,H,397.0,15.0,5955
634,H,397.0,15.0,5955
635,H,433.0,15.0,6495
636,H,381.0,15.0,5715
637,H,399.0,15.0,5985
638,H,399.0,15.0,5985
639,H,399.0,15.0,5985
640,H,397.0,15.0,5955
641,H,399.0,15.0,5985
642,H,400.0,15.0,6000
643,H,400.0,15.0,6000
644,H,399.0,15.0,5985
645,H,545.0,15.0,8175
646,H,400.0,15.0,6000
647,H,401.0,15.0,6015
648,H,400.0,15.0,6000
649,H,400.0,15.0,6000
650,H,558.0,15.0,8370
651,H,557.0,15.0,8355
652,H,398.0,15.0,5970
653,H,400.0,15.0,6000
654,H,487.0,15.0,7305
655,H,422.0,15.0,6330
656,H,399.0,15.0,5985
657,H,400.0,15.0,6000
658,H,396.0,15.0,5940
659,H,399.0,15.0,5985
660,H,398.0,15.0,5970
661,H,400.0,15.0,6000
662,H,381.0,15.0,5715
663,H,433.0,15.0,6495
664,H,505.0,15.0,7575
665,H,400.0,15.0,6000
666,H,400.0,15.0,6000
667,H,400.0,15.0,6000
668,H,432.0,15.0,6480
669,H,432.0,15.0,6480
670,H,399.0,15.0,5985
671,H,398.0,15.0,5970
672,H,397.0,15.0,5955
673,H,500.0,15.0,7500
674,H,433.0,15.0,6495
675,H,381.0,15.0,5715
676,H,397.0,15.0,5955
677,H,398.0,15.0,5970
678,H,401.0,15.0,6015
679,H,406.0,15.0,6090
680,H,396.0,15.0,5940
681,H,397.0,15.0,5955
682,H,402.0,15.0,6030
683,H,399.0,15.0,5985
684,H,397.0,15.0,5955
685,H,451.0,15.0,6765
686,H,448.0,15.0,6720
687,H,399.0,15.0,5985
688,H,399.0,15.0,5985
689,H,399.0,15.0,5985
690,H,398.0,15.0,5970
691,H,398.0,15.0,5970
692,H,400.0,15.0,6000
693,H,398.0,15.0,5970
694,H,398.0,15.0,5970
695,H,398.0,15.0,5970
696,H,380.0,15.0,5700
697,D,438.0,15.0,6570
698,D,296.0,15.0,4440
699,D,300.0,15.0,4500
700,D,300.0,15.0,4500
701,D,300.0,15.0,4500
702,D,300.0,15.0,4500
703,D,300.0,15.0,4500
704,D,300.0,15.0,4500
705,D,300.0,15.0,4500
706,D,300.0,15.0,4500
707,D,300.0,15.0,4500
708,D,300.0,15.0,4500
709,D,300.0,15.0,4500
710,D,300.0,15.0,4500
711,D,300.0,15.0,4500
712,D,300.0,15.0,4500
713,D,300.0,15.0,4500
714,D,300.0,15.0,4500
715,D,300.0,15.0,4500
716,D,333.0,15.0,4995
717,D,465.0,15.0,6975
718,D,333.0,15.0,4995
719,D,333.0,15.0,4995
720,D,333.0,15.0,4995
721,D,333.0,15.0,4995
722,D,333.0,15.0,4995
723,D,333.0,15.0,4995
724,D,333.0,15.0,4995
725,D,333.0,15.0,4995
726,D,333.0,15.0,4995
727,D,333.0,15.0,4995
728,D,333.0,15.0,4995
729,D,333.0,15.0,4995
730,D,333.0,15.0,4995
731,D,333.0,15.0,4995
732,D,333.0,15.0,4995
733,D,333.0,15.0,4995
734,D,333.0,15.0,4995
735,D,333.0,15.0,4995
736,E,433.0,15.0,6495
737,D,318.0,15.0,4770
738,D,300.0,15.0,4500
739,D,300.0,15.0,4500
740,D,300.0,15.0,4500
741,D,300.0,15.0,4500
742,D,300.0,15.0,4500
743,D,300.0,15.0,4500
744,D,300.0,15.0,4500
745,D,300.0,15.0,4500
746,D,300.0,15.0,4500
747,D,300.0,15.0,4500
748,D,300.0,15.0,4500
749,D,300.0,15.0,4500
750,D,300.0,15.0,4500
751,D,300.0,15.0,4500
752,D,300.0,15.0,4500
753,D,300.0,15.0,4500
754,D,300.0,15.0,4500
755,D,300.0,15.0,4500
756,D,708.0,15.0,10620
757,D,332.0,15.0,4980
758,D,300.0,15.0,4500
759,D,300.0,15.0,4500
760,D,300.0,15.0,4500
761,D,299.0,15.0,4485
762,D,300.0,15.0,4500
763,D,300.0,15.0,4500
764,D,300.0,15.0,4500
765,D,300.0,15.0,4500
766,D,300.0,15.0,4500
767,D,300.0,15.0,4500
768,D,300.0,15.0,4500
769,D,300.0,15.0,4500
770,D,300.0,15.0,4500
771,D,295.0,15.0,4425
772,D,300.0,15.0,4500
773,D,300.0,15.0,4500
774,D,300.0,15.0,4500
775,D,300.0,15.0,4500
776,D,348.0,15.0,5220
777,E,431.0,15.0,6465
778,D,297.0,15.0,4455
779,D,298.0,15.0,4470
780,D,299.0,15.0,4485
781,D,297.0,15.0,4455
782,D,298.0,15.0,4470
783,D,280.0,15.0,4200
784,D,299.0,15.0,4485
785,D,231.0,15.0,3465
786,D,292.0,15.0,4380
787,D,300.0,15.0,4500
788,D,300.0,15.0,4500
789,D,300.0,15.0,4500
790,E,551.0,15.0,8265
791,D,295.0,15.0,4425
792,D,300.0,15.0,4500
793,D,300.0,15.0,4500
794,D,300.0,15.0,4500
795,D,300.0,15.0,4500
796,D,300.0,15.0,4500
797,D,300.0,15.0,4500
798,D,300.0,15.0,4500
799,D,300.0,15.0,4500
800,D,300.0,15.0,4500
801,D,300.0,15.0,4500
802,D,300.0,15.0,4500
803,D,300.0,15.0,4500
804,D,300.0,15.0,4500
805,D,300.0,15.0,4500
806,D,300.0,15.0,4500
807,D,399.0,15.0,5985
808,E,498.0,15.0,7470
809,D,300.0,15.0,4500
810,D,303.0,15.0,4545
811,D,296.0,15.0,4440
812,D,300.0,15.0,4500
813,E,471.0,15.0,7065
814,D,301.0,15.0,4515
815,D,300.0,15.0,4500
816,E,565.0,15.0,8475
817,D,282.0,15.0,4230
818,D,300.0,15.0,4500
819,D,300.0,15.0,4500
820,D,300.0,15.0,4500
821,D,330.0,15.0,4950
822,D,348.0,15.0,5220
823,D,300.0,15.0,4500
824,D,300.0,15.0,4500
825,D,348.0,15.0,5220
826,E,549.0,15.0,8235
827,D,367.0,15.0,5505
828,D,307.0,15.0,4605
829,D,321.0,15.0,4815
830,E,531.0,15.0,7965
831,D,394.0,15.0,5910
832,D,300.0,15.0,4500
833,D,300.0,15.0,4500
834,D,300.0,15.0,4500
835,D,300.0,15.0,4500
836,D,300.0,15.0,4500
837,D,345.0,15.0,5175
838,E,541.0,15.0,8115
839,D,300.0,15.0,4500
840,D,300.0,15.0,4500
841,D,300.0,15.0,4500
842,D,345.0,15.0,5175
843,E,541.0,15.0,8115
844,D,300.0,15.0,4500
845,D,300.0,15.0,4500
846,D,300.0,15.0,4500
847,D,408.0,15.0,6120
848,E,410.0,15.0,6150
849,D,302.0,15.0,4530
850,D,300.0,15.0,4500
851,D,282.0,15.0,4230
852,E,410.0,15.0,6150
853,D,299.0,15.0,4485
854,D,300.0,15.0,4500
855,D,300.0,15.0,4500
856,D,300.0,15.0,4500
857,D,300.0,15.0,4500
858,D,300.0,15.0,4500
859,D,300.0,15.0,4500
860,D,300.0,15.0,4500
861,D,300.0,15.0,4500
862,D,300.0,15.0,4500
863,D,300.0,15.0,4500
864,D,300.0,15.0,4500
865,D,300.0,15.0,4500
866,D,300.0,15.0,4500
867,D,476.0,15.0,7140
868,D,408.0,15.0,6120
869,D,300.0,15.0,4500
870,D,300.0,15.0,4500
871,D,300.0,15.0,4500
872,D,300.0,15.0,4500
873,D,300.0,15.0,4500
874,D,300.0,15.0,4500
875,D,300.0,15.0,4500
876,D,300.0,15.0,4500
877,D,300.0,15.0,4500
878,D,300.0,15.0,4500
879,D,300.0,15.0,4500
880,D,300.0,15.0,4500
881,D,462.0,15.0,6930
882,R,303.0,15.0,4545
883,R,308.0,15.0,4620
884,R,300.0,15.0,4500
885,R,299.0,15.0,4485
886,R,411.0,15.0,6165
887,R,625.0,15.0,9375
888,R,398.0,15.0,5970
889,R,398.0,15.0,5970
890,R,398.0,15.0,5970
891,R,399.0,15.0,5985
892,R,400.0,15.0,6000
893,R,399.0,15.0,5985
894,R,397.0,15.0,5955
895,R,395.0,15.0,5925
896,R,398.0,15.0,5970
897,R,400.0,15.0,6000
898,R,517.0,15.0,7755
899,R,526.0,15.0,7890
900,R,400.0,15.0,6000
901,R,400.0,15.0,6000
902,R,400.0,15.0,6000
903,R,400.0,15.0,6000
904,R,400.0,15.0,6000
905,R,400.0,15.0,6000
906,R,400.0,15.0,6000
907,R,398.0,15.0,5970
908,R,400.0,15.0,6000
909,R,400.0,15.0,6000
910,R,531.0,15.0,7965
911,R,400.0,15.0,6000
912,R,400.0,15.0,6000
913,R,400.0,15.0,6000
914,R,400.0,15.0,6000
915,R,542.0,15.0,8130
916,R,534.0,15.0,8010
917,R,400.0,15.0,6000
918,R,400.0,15.0,6000
919,R,400.0,15.0,6000
920,R,395.0,15.0,5925
921,R,400.0,15.0,6000
922,R,400.0,15.0,6000
923,R,787.0,15.0,11805
924,R,392.0,15.0,5880
925,R,400.0,15.0,6000
926,R,398.0,15.0,5970
927,R,400.0,15.0,6000
928,R,400.0,15.0,6000
929,R,400.0,15.0,6000
930,R,399.0,15.0,5985
931,R,398.0,15.0,5970
932,R,396.0,15.0,5940
933,R,397.0,15.0,5955
934,R,397.0,15.0,5955
935,R,397.0,15.0,5955
936,R,397.0,15.0,5955
937,R,396.0,15.0,5940
938,R,396.0,15.0,5940
939,R,670.0,15.0,10050
940,R,725.0,15.0,10875
941,R,400.0,15.0,6000
942,R,400.0,15.0,6000
943,R,400.0,15.0,6000
944,R,400.0,15.0,6000
945,R,400.0,15.0,6000
946,R,400.0,15.0,6000
947,R,522.0,15.0,7830
948,R,373.0,15.0,5595
949,R,464.0,15.0,6960
950,R,483.0,15.0,7245
951,R,400.0,15.0,6000
952,R,400.0,15.0,6000
953,R,400.0,15.0,6000
954,R,393.0,15.0,5895
955,R,400.0,15.0,6000
956,R,400.0,15.0,6000
957,R,630.0,15.0,9450
958,R,462.0,15.0,6930
959,R,407.0,15.0,6105
960,R,400.0,15.0,6000
961,R,400.0,15.0,6000
962,R,400.0,15.0,6000
963,R,400.0,15.0,6000
964,R,652.0,15.0,9780
965,R,400.0,15.0,6000
966,R,378.0,15.0,5670
967,R,407.0,15.0,6105
968,R,400.0,15.0,6000
969,R,400.0,15.0,6000
970,R,400.0,15.0,6000
971,R,401.0,15.0,6015
972,R,397.0,15.0,5955
973,R,400.0,15.0,6000
974,R,400.0,15.0,6000
975,R,400.0,15.0,6000
976,R,378.0,15.0,5670
977,R,389.0,15.0,5835
978,R,378.0,15.0,5670
979,R,400.0,15.0,6000
980,R,400.0,15.0,6000
981,R,397.0,15.0,5955
982,R,400.0,15.0,6000
983,R,400.0,15.0,6000
984,R,400.0,15.0,6000
985,R,400.0,15.0,6000
986,R,407.0,15.0,6105
987,R,392.0,15.0,5880
988,R,400.0,15.0,6000
989,R,400.0,15.0,6000
990,R,400.0,15.0,6000
991,R,400.0,15.0,6000
992,R,400.0,15.0,6000
993,R,400.0,15.0,6000
994,R,400.0,15.0,6000
995,R,400.0,15.0,6000
996,R,599.0,15.0,8985
997,R,377.0,15.0,5655
998,R,377.0,15.0,5655
999,R,400.0,15.0,6000
1000,R,397.0,15.0,5955
1001,R,400.0,15.0,6000
1002,R,400.0,15.0,6000
1003,R,400.0,15.0,6000
1004,R,400.0,15.0,6000
1005,R,400.0,15.0,6000
1006,R,400.0,15.0,6000
1007,R,400.0,15.0,6000
1008,R,400.0,15.0,6000
1009,R,597.0,15.0,8955
1010,R,474.0,15.0,7110
1011,R,406.0,15.0,6090
1012,R,407.0,15.0,6105
1013,R,400.0,15.0,6000
1014,R,400.0,15.0,6000
1015,R,400.0,15.0,6000
1016,R,400.0,15.0,6000
1017,R,400.0,15.0,6000
1018,R,400.0,15.0,6000
1019,R,464.0,15.0,6960
1020,R,567.0,15.0,8505
1021,R,606.0,15.0,9090
1022,R,430.0,15.0,6450
1023,R,400.0,15.0,6000
1024,R,400.0,15.0,6000
1025,R,400.0,15.0,6000
1026,R,400.0,15.0,6000
1027,R,400.0,15.0,6000
1028,R,400.0,15.0,6000
1029,R,364.0,15.0,5460
1030,R,746.0,15.0,11190
1031,R,372.0,15.0,5580
1032,R,393.0,15.0,5895
1033,R,400.0,15.0,6000
1034,R,400.0,15.0,6000
1035,R,400.0,15.0,6000
1036,R,415.0,15.0,6225
1037,R,400.0,15.0,6000
1038,R,400.0,15.0,6000
1039,R,400.0,15.0,6000
1040,R,400.0,15.0,6000
1041,R,400.0,15.0,6000
1042,R,648.0,15.0,9720
1043,R,458.0,15.0,6870
1044,R,399.0,15.0,5985
1045,R,411.0,15.0,6165
1046,R,377.0,15.0,5655
1047,R,403.0,15.0,6045
1048,R,400.0,15.0,6000
1049,R,400.0,15.0,6000
1050,R,684.0,15.0,10260
1051,R,400.0,15.0,6000
1052,R,400.0,15.0,6000
1053,R,400.0,15.0,6000
1054,R,400.0,15.0,6000
1055,R,400.0,15.0,6000
1056,R,400.0,15.0,6000
1057,R,400.0,15.0,6000
1058,R,518.0,15.0,7770
1059,R,359.0,15.0,5385
1060,R,400.0,15.0,6000
1061,R,400.0,15.0,6000
1062,R,400.0,15.0,6000
1063,R,400.0,15.0,6000
1064,R,625.0,15.0,9375
1065,R,762.0,15.0,11430
1066,R,801.0,15.0,12015
1067,R,691.0,15.0,10365
1068,R,577.0,15.0,8655
1069,R,464.0,15.0,6960
1070,R,400.0,15.0,6000
1071,R,400.0,15.0,6000
1072,R,400.0,15.0,6000
1073,R,400.0,15.0,6000
1074,R,531.0,15.0,7965
1075,R,531.0,15.0,7965
1076,R,400.0,15.0,6000
1077,R,400.0,15.0,6000
1078,R,400.0,15.0,6000
1079,R,400.0,15.0,6000
1080,R,400.0,15.0,6000
1081,R,400.0,15.0,6000
1082,R,400.0,15.0,6000
1083,R,400.0,15.0,6000
1084,R,400.0,15.0,6000
1085,R,367.0,15.0,5505
1086,R,400.0,15.0,6000
1087,R,400.0,15.0,6000
1088,R,400.0,15.0,6000
1089,R,400.0,15.0,6000
1090,R,400.0,15.0,6000
1091,R,400.0,15.0,6000
1092,R,400.0,15.0,6000
1093,R,400.0,15.0,6000
1094,R,534.0,15.0,8010
1095,R,534.0,15.0,8010
1096,R,400.0,15.0,6000
1097,R,400.0,15.0,6000
1098,R,400.0,15.0,6000
1099,R,400.0,15.0,6000
1100,R,400.0,15.0,6000
1101,R,400.0,15.0,6000
1102,R,400.0,15.0,6000
1103,R,400.0,15.0,6000
1104,R,342.0,15.0,5130
1105,R,656.0,15.0,9840
1106,R,393.0,15.0,5895
1107,R,402.0,15.0,6030
1108,R,401.0,15.0,6015
1109,R,401.0,15.0,6015
1110,R,397.0,15.0,5955
1111,R,473.0,15.0,7095
1112,R,575.0,15.0,8625
1113,R,400.0,15.0,6000
1114,R,400.0,15.0,6000
1115,R,400.0,15.0,6000
1116,R,400.0,15.0,6000
1117,R,400.0,15.0,6000
1118,R,400.0,15.0,6000
1119,R,400.0,15.0,6000
1120,R,339.0,15.0,5085
1121,R,398.0,15.0,5970
1122,R,376.0,15.0,5640
1123,R,377.0,15.0,5655
1124,R,399.0,15.0,5985
1125,R,630.0,15.0,9450
1126,R,400.0,15.0,6000
1127,R,400.0,15.0,6000
1128,R,400.0,15.0,6000
1129,R,364.0,15.0,5460
1130,R,746.0,15.0,11190
1131,R,365.0,15.0,5475
1132,R,400.0,15.0,6000
1133,R,400.0,15.0,6000
1134,R,400.0,15.0,6000
1135,R,564.0,15.0,8460
1136,R,400.0,15.0,6000
1137,R,400.0,15.0,6000
1138,R,400.0,15.0,6000
1139,R,400.0,15.0,6000
1140,R,400.0,15.0,6000
1141,R,400.0,15.0,6000
1142,R,400.0,15.0,6000
1143,R,656.0,15.0,9840
1144,R,443.0,15.0,6645
1145,R,411.0,15.0,6165
1146,R,367.0,15.0,5505
1147,R,362.0,15.0,5430
1148,R,363.0,15.0,5445
1149,R,362.0,15.0,5430
1150,R,364.0,15.0,5460
1151,R,362.0,15.0,5430
1152,R,364.0,15.0,5460
1153,R,363.0,15.0,5445
1154,R,363.0,15.0,5445
1155,R,446.0,15.0,6690
1156,R,630.0,15.0,9450
1157,R,399.0,15.0,5985
1158,R,397.0,15.0,5955
1159,R,382.0,15.0,5730
1160,R,375.0,15.0,5625
1161,R,400.0,15.0,6000
1162,R,399.0,15.0,5985
1163,R,397.0,15.0,5955
1164,R,517.0,15.0,7755
1165,R,399.0,15.0,5985
1166,R,399.0,15.0,5985
1167,R,398.0,15.0,5970
1168,R,400.0,15.0,6000
1169,R,400.0,15.0,6000
1170,R,400.0,15.0,6000
1171,R,401.0,15.0,6015
1172,R,400.0,15.0,6000
1173,R,367.0,15.0,5505
1174,R,396.0,15.0,5940
1175,R,376.0,15.0,5640
1176,R,341.0,15.0,5115
1177,R,368.0,15.0,5520
1178,R,368.0,15.0,5520
1179,R,367.0,15.0,5505
1180,R,367.0,15.0,5505
1181,R,373.0,15.0,5595
1182,R,373.0,15.0,5595
1183,R,373.0,15.0,5595
1184,R,375.0,15.0,5625
1185,R,401.0,15.0,6015
1186,R,395.0,15.0,5925
1187,R,400.0,15.0,6000
1188,R,400.0,15.0,6000
1189,R,400.0,15.0,6000
1190,R,409.0,15.0,6135
1191,R,400.0,15.0,6000
1192,R,469.0,15.0,7035
1193,R,566.0,15.0,8490
1194,R,398.0,15.0,5970
1195,R,393.0,15.0,5895
1196,R,402.0,15.0,6030
1197,R,496.0,15.0,7440
1198,R,399.0,15.0,5985
1199,R,399.0,15.0,5985
1200,R,399.0,15.0,5985
1201,R,399.0,15.0,5985
1202,R,790.0,15.0,11850
1203,R,557.0,15.0,8355
1204,R,387.0,15.0,5805
1205,R,393.0,15.0,5895
1206,R,392.0,15.0,5880
1207,R,394.0,15.0,5910
1208,R,400.0,15.0,6000
1209,R,407.0,15.0,6105
1210,R,401.0,15.0,6015
1211,R,404.0,15.0,6060
1212,R,484.0,15.0,7260
1213,R,436.0,15.0,6540
1214,R,400.0,15.0,6000
1215,R,399.0,15.0,5985
1216,R,687.0,15.0,10305
1217,R,486.0,15.0,7290
1218,R,387.0,15.0,5805
1219,R,493.0,15.0,7395
1220,R,400.0,15.0,6000
1221,R,399.0,15.0,5985
1222,R,399.0,15.0,5985
1223,R,399.0,15.0,5985
1224,R,399.0,15.0,5985
1225,R,513.0,15.0,7695
1226,R,622.0,15.0,9330
1227,R,364.0,15.0,5460
1228,R,368.0,15.0,5520
1229,R,367.0,15.0,5505
1230,R,366.0,15.0,5490
1231,R,338.0,15.0,5070
1232,R,378.0,15.0,5670
1233,R,592.0,15.0,8880
1234,R,398.0,15.0,5970
1235,R,398.0,15.0,5970
1236,R,393.0,15.0,5895
1237,R,392.0,15.0,5880
1238,R,393.0,15.0,5895
1239,R,398.0,15.0,5970
1240,R,400.0,15.0,6000
1241,R,399.0,15.0,5985
1242,R,397.0,15.0,5955
1243,R,400.0,15.0,6000
1244,R,389.0,15.0,5835
1245,R,668.0,15.0,10020
1246,R,401.0,15.0,6015
1247,R,399.0,15.0,5985
1248,R,389.0,15.0,5835
1249,R,398.0,15.0,5970
1250,R,398.0,15.0,5970
1251,R,399.0,15.0,5985
1252,R,399.0,15.0,5985
1253,R,399.0,15.0,5985
1254,R,370.0,15.0,5550
1255,G,442.0,15.0,6630
1256,G,400.0,15.0,6000
1257,G,400.0,15.0,6000
1258,G,400.0,15.0,6000
1259,G,400.0,15.0,6000
1260,G,400.0,15.0,6000
1261,G,400.0,15.0,6000
1262,G,400.0,15.0,6000
1263,G,400.0,15.0,6000
1264,G,604.0,15.0,9060
1265,G,406.0,15.0,6090
1266,G,400.0,15.0,6000
1267,G,400.0,15.0,6000
1268,G,400.0,15.0,6000
1269,G,400.0,15.0,6000
1270,G,400.0,15.0,6000
1271,G,400.0,15.0,6000
1272,G,400.0,15.0,6000
1273,G,594.0,15.0,8910
1274,G,401.0,15.0,6015
1275,G,401.0,15.0,6015
1276,G,642.0,15.0,9630
1277,G,400.0,15.0,6000
1278,G,400.0,15.0,6000
1279,G,400.0,15.0,6000
1280,G,400.0,15.0,6000
1281,G,400.0,15.0,6000
1282,G,400.0,15.0,6000
1283,G,400.0,15.0,6000
1284,G,402.0,15.0,6030
1285,G,481.0,15.0,7215
1286,G,400.0,15.0,6000
1287,G,400.0,15.0,6000
1288,G,400.0,15.0,6000
1289,G,400.0,15.0,6000
1290,G,400.0,15.0,6000
1291,G,400.0,15.0,6000
1292,G,400.0,15.0,6000
1293,G,400.0,15.0,6000
1294,G,400.0,15.0,6000
1295,G,400.0,15.0,6000
1296,G,400.0,15.0,6000
1297,G,400.0,15.0,6000
1298,G,342.0,15.0,5130
1299,G,400.0,15.0,6000
1300,G,400.0,15.0,6000
1301,G,400.0,15.0,6000
1302,G,400.0,15.0,6000
1303,G,400.0,15.0,6000
1304,G,407.0,15.0,6105
1305,G,406.0,15.0,6090
1306,G,400.0,15.0,6000
1307,G,400.0,15.0,6000
1308,G,618.0,15.0,9270
1309,G,500.0,15.0,7500
1310,G,400.0,15.0,6000
1311,G,400.0,15.0,6000
1312,G,400.0,15.0,6000
1313,G,400.0,15.0,6000
1314,G,400.0,15.0,6000
1315,G,400.0,15.0,6000
1316,G,400.0,15.0,6000
1317,G,400.0,15.0,6000
1318,G,400.0,15.0,6000
1319,G,400.0,15.0,6000
1320,G,457.0,15.0,6855
1321,G,454.0,15.0,6810
1322,G,454.0,15.0,6810
1323,G,400.0,15.0,6000
1324,G,400.0,15.0,6000
1325,G,400.0,15.0,6000
1326,G,400.0,15.0,6000
1327,G,400.0,15.0,6000
1328,G,310.0,15.0,4650
1329,G,400.0,15.0,6000
1330,G,400.0,15.0,6000
1331,G,400.0,15.0,6000
1332,G,400.0,15.0,6000
1333,G,400.0,15.0,6000
1334,G,457.0,15.0,6855
1335,G,457.0,15.0,6855
1336,G,400.0,15.0,6000
1337,G,400.0,15.0,6000
1338,G,400.0,15.0,6000
1339,G,400.0,15.0,6000
1340,G,400.0,15.0,6000
1341,G,400.0,15.0,6000
1342,G,585.0,15.0,8775
1343,G,569.0,15.0,8535
1344,G,400.0,15.0,6000
1345,G,400.0,15.0,6000
1346,G,405.0,15.0,6075
1347,G,394.0,15.0,5910
1348,G,400.0,15.0,6000
1349,G,400.0,15.0,6000
1350,G,400.0,15.0,6000
1351,G,400.0,15.0,6000
1352,G,400.0,15.0,6000
1353,G,323.0,15.0,4845
1354,G,400.0,15.0,6000
1355,G,399.0,15.0,5985
1356,G,400.0,15.0,6000
1357,G,400.0,15.0,6000
1358,G,400.0,15.0,6000
1359,G,400.0,15.0,6000
1360,G,400.0,15.0,6000
1361,G,400.0,15.0,6000
1362,G,483.0,15.0,7245
1363,G,402.0,15.0,6030
1364,G,402.0,15.0,6030
1365,G,400.0,15.0,6000
1366,G,400.0,15.0,6000
1367,G,400.0,15.0,6000
1368,G,400.0,15.0,6000
1369,G,400.0,15.0,6000
1370,G,400.0,15.0,6000
1371,G,400.0,15.0,6000
1372,G,400.0,15.0,6000
1373,G,407.0,15.0,6105
1374,G,407.0,15.0,6105
1375,G,400.0,15.0,6000
1376,G,400.0,15.0,6000
1377,G,637.0,15.0,9555
1378,G,576.0,15.0,8640
1379,G,400.0,15.0,6000
1380,G,400.0,15.0,6000
1381,G,400.0,15.0,6000
1382,G,400.0,15.0,6000
1383,G,400.0,15.0,6000
1384,G,400.0,15.0,6000
1385,G,402.0,15.0,6030
1386,G,400.0,15.0,6000
1387,G,400.0,15.0,6000
1388,G,400.0,15.0,6000
1389,G,400.0,15.0,6000
1390,G,400.0,15.0,6000
1391,G,400.0,15.0,6000
1392,G,400.0,15.0,6000
1393,G,577.0,15.0,8655
1394,G,637.0,15.0,9555
1395,G,400.0,15.0,6000
1396,G,400.0,15.0,6000
1397,G,411.0,15.0,6165
1398,G,407.0,15.0,6105
1399,G,400.0,15.0,6000
1400,G,400.0,15.0,6000
1401,G,400.0,15.0,6000
1402,G,400.0,15.0,6000
1403,G,400.0,15.0,6000
1404,G,402.0,15.0,6030
1405,G,402.0,15.0,6030
1406,G,400.0,15.0,6000
1407,G,400.0,15.0,6000
1408,G,400.0,15.0,6000
1409,G,400.0,15.0,6000
1410,G,400.0,15.0,6000
1411,G,407.0,15.0,6105
1412,G,402.0,15.0,6030
1413,G,400.0,15.0,6000
1414,G,400.0,15.0,6000
1415,G,400.0,15.0,6000
1416,G,400.0,15.0,6000
1417,G,400.0,15.0,6000
1418,G,400.0,15.0,6000
1419,G,400.0,15.0,6000
1420,G,396.0,15.0,5940
1421,G,339.0,15.0,5085
1422,G,400.0,15.0,6000
1423,G,400.0,15.0,6000
1424,G,400.0,15.0,6000
1425,G,400.0,15.0,6000
1426,G,400.0,15.0,6000
1427,G,398.0,15.0,5970
1428,G,398.0,15.0,5970
1429,G,400.0,15.0,6000
1430,G,400.0,15.0,6000
1431,G,583.0,15.0,8745
1432,G,583.0,15.0,8745
1433,G,400.0,15.0,6000
1434,G,400.0,15.0,6000
1435,G,400.0,15.0,6000
1436,G,400.0,15.0,6000
1437,G,400.0,15.0,6000
1438,G,400.0,15.0,6000
1439,G,404.0,15.0,6060
1440,G,335.0,15.0,5025
1441,G,400.0,15.0,6000
1442,G,400.0,15.0,6000
1443,G,400.0,15.0,6000
1444,G,400.0,15.0,6000
1445,G,400.0,15.0,6000
1446,G,355.0,15.0,5325
1447,G,400.0,15.0,6000
1448,G,400.0,15.0,6000
1449,G,400.0,15.0,6000
1450,G,400.0,15.0,6000
1451,G,400.0,15.0,6000
1452,G,402.0,15.0,6030
1453,G,396.0,15.0,5940
1454,G,400.0,15.0,6000
1455,G,400.0,15.0,6000
1456,G,637.0,15.0,9555
1457,G,488.0,15.0,7320
1458,G,400.0,15.0,6000
1459,G,400.0,15.0,6000
1460,G,400.0,15.0,6000
1461,G,474.0,15.0,7110
1462,G,349.0,15.0,5235
1463,G,412.0,15.0,6180
1464,G,412.0,15.0,6180
1465,G,587.0,15.0,8805
1466,G,417.0,15.0,6255
1467,G,416.0,15.0,6240
1468,G,418.0,15.0,6270
1469,G,400.0,15.0,6000
1470,G,358.0,15.0,5370
1471,G,380.0,15.0,5700
1472,G,380.0,15.0,5700
1473,G,380.0,15.0,5700
1474,G,647.0,15.0,9705
1475,G,386.0,15.0,5790
1476,G,387.0,15.0,5805
1477,G,351.0,15.0,5265
1478,R,889.0,15.0,13335
1479,R,500.0,15.0,7500
1480,R,382.0,15.0,5730
1481,R,382.0,15.0,5730
1482,R,382.0,15.0,5730
1483,R,382.0,15.0,5730
1484,R,382.0,15.0,5730
1485,R,384.0,15.0,5760
1486,R,386.0,15.0,5790
1487,R,393.0,15.0,5895
1488,R,405.0,15.0,6075
1489,R,417.0,15.0,6255
1490,R,477.0,15.0,7155
1491,R,740.0,15.0,11100
1492,R,400.0,15.0,6000
1493,R,400.0,15.0,6000
1494,R,400.0,15.0,6000
1495,R,400.0,15.0,6000
1496,R,400.0,15.0,6000
1497,R,400.0,15.0,6000
1498,R,400.0,15.0,6000
1499,R,400.0,15.0,6000
1500,R,394.0,15.0,5910
1501,R,485.0,15.0,7275
1502,R,451.0,15.0,6765
1503,R,362.0,15.0,5430
1504,R,544.0,15.0,8160
1505,R,404.0,15.0,6060
1506,R,539.0,15.0,8085
1507,R,807.0,15.0,12105
1508,R,539.0,15.0,8085
1509,R,807.0,15.0,12105
1510,R,568.0,15.0,8520
1511,R,405.0,15.0,6075
1512,R,400.0,15.0,6000
1513,R,400.0,15.0,6000
1514,R,400.0,15.0,6000
1515,R,400.0,15.0,6000
1516,R,400.0,15.0,6000
1517,R,400.0,15.0,6000
1518,R,400.0,15.0,6000
1519,R,399.0,15.0,5985
1520,R,371.0,15.0,5565
1521,R,366.0,15.0,5490
1522,R,564.0,15.0,8460
1523,R,626.0,15.0,9390
1524,R,555.0,15.0,8325
1525,R,475.0,15.0,7125
1526,R,408.0,15.0,6120
1527,R,400.0,15.0,6000
1528,R,400.0,15.0,6000
1529,R,425.0,15.0,6375
1530,R,400.0,15.0,6000
1531,R,400.0,15.0,6000
1532,R,400.0,15.0,6000
1533,R,381.0,15.0,5715
1534,R,552.0,15.0,8280
1535,R,400.0,15.0,6000
1536,R,400.0,15.0,6000
1537,R,400.0,15.0,6000
1538,R,400.0,15.0,6000
1539,R,400.0,15.0,6000
1540,R,552.0,15.0,8280
1541,R,381.0,15.0,5715
1542,R,400.0,15.0,6000
1543,R,400.0,15.0,6000
1544,R,400.0,15.0,6000
1545,R,400.0,15.0,6000
1546,R,400.0,15.0,6000
1547,R,774.0,15.0,11610
1548,R,335.0,15.0,5025
1549,R,400.0,15.0,6000
1550,R,400.0,15.0,6000
1551,R,400.0,15.0,6000
1552,R,400.0,15.0,6000
1553,R,400.0,15.0,6000
1554,R,400.0,15.0,6000
1555,R,400.0,15.0,6000
1556,R,400.0,15.0,6000
1557,R,400.0,15.0,6000
1558,R,458.0,15.0,6870
1559,R,643.0,15.0,9645
1560,R,570.0,15.0,8550
1561,R,433.0,15.0,6495
1562,R,400.0,15.0,6000
1563,R,400.0,15.0,6000
1564,R,400.0,15.0,6000
1565,R,400.0,15.0,6000
1566,R,400.0,15.0,6000
1567,R,880.0,15.0,13200
1568,R,400.0,15.0,6000
1569,R,400.0,15.0,6000
1570,R,400.0,15.0,6000
1571,R,400.0,15.0,6000
1572,R,400.0,15.0,6000
1573,R,381.0,15.0,5715
1574,R,369.0,15.0,5535
1575,R,400.0,15.0,6000
1576,R,400.0,15.0,6000
1577,R,400.0,15.0,6000
1578,R,400.0,15.0,6000
1579,R,400.0,15.0,6000
1580,R,400.0,15.0,6000
1581,R,873.0,15.0,13095
1582,R,400.0,15.0,6000
1583,R,400.0,15.0,6000
1584,R,400.0,15.0,6000
1585,R,400.0,15.0,6000
1586,R,400.0,15.0,6000
1587,R,400.0,15.0,6000
1588,R,400.0,15.0,6000
1589,R,400.0,15.0,6000
1590,R,400.0,15.0,6000
1591,R,582.0,15.0,8730
1592,R,400.0,15.0,6000
1593,R,387.0,15.0,5805
1594,R,563.0,15.0,8445
1595,R,351.0,15.0,5265
1596,R,558.0,15.0,8370
1597,R,400.0,15.0,6000
1598,R,400.0,15.0,6000
1599,R,400.0,15.0,6000
1600,R,418.0,15.0,6270
1601,R,400.0,15.0,6000
1602,R,400.0,15.0,6000
1603,R,400.0,15.0,6000
1604,R,400.0,15.0,6000
1605,R,400.0,15.0,6000
1606,R,400.0,15.0,6000
1607,R,400.0,15.0,6000
1608,R,400.0,15.0,6000
1609,R,400.0,15.0,6000
1610,R,400.0,15.0,6000
1611,R,400.0,15.0,6000
1612,R,507.0,15.0,7605
1613,R,400.0,15.0,6000
1614,R,400.0,15.0,6000
1615,R,400.0,15.0,6000
1616,R,400.0,15.0,6000
1617,R,400.0,15.0,6000
1618,R,400.0,15.0,6000
1619,R,400.0,15.0,6000
1620,R,385.0,15.0,5775
1621,R,380.0,15.0,5700
1622,R,539.0,15.0,8085
1623,R,480.0,15.0,7200
1624,R,406.0,15.0,6090
1625,R,400.0,15.0,6000
1626,R,400.0,15.0,6000
1627,R,400.0,15.0,6000
1628,R,400.0,15.0,6000
1629,R,400.0,15.0,6000
1630,R,400.0,15.0,6000
1631,R,400.0,15.0,6000
1632,R,602.0,15.0,9030
1633,R,616.0,15.0,9240
1634,R,400.0,15.0,6000
1635,R,400.0,15.0,6000
1636,R,400.0,15.0,6000
1637,R,400.0,15.0,6000
1638,R,400.0,15.0,6000
1639,R,400.0,15.0,6000
1640,R,400.0,15.0,6000
1641,R,400.0,15.0,6000
1642,R,400.0,15.0,6000
1643,R,424.0,15.0,6360
1644,R,642.0,15.0,9630
1645,R,400.0,15.0,6000
1646,R,400.0,15.0,6000
1647,R,400.0,15.0,6000
1648,R,400.0,15.0,6000
1649,R,400.0,15.0,6000
1650,R,400.0,15.0,6000
1651,R,400.0,15.0,6000
1652,R,400.0,15.0,6000
1653,R,400.0,15.0,6000
1654,R,400.0,15.0,6000
1655,R,400.0,15.0,6000
1656,R,286.0,15.0,4290
1657,R,306.0,15.0,4590
1658,R,400.0,15.0,6000
1659,R,400.0,15.0,6000
1660,R,400.0,15.0,6000
1661,R,400.0,15.0,6000
1662,R,400.0,15.0,6000
1663,R,400.0,15.0,6000
1664,R,400.0,15.0,6000
1665,R,400.0,15.0,6000
1666,R,400.0,15.0,6000
1667,R,400.0,15.0,6000
1668,R,400.0,15.0,6000
1669,R,607.0,15.0,9105
1670,R,616.0,15.0,9240
1671,R,400.0,15.0,6000
1672,R,400.0,15.0,6000
1673,R,400.0,15.0,6000
1674,R,400.0,15.0,6000
1675,R,400.0,15.0,6000
1676,R,400.0,15.0,6000
1677,R,400.0,15.0,6000
1678,R,400.0,15.0,6000
1679,R,400.0,15.0,6000
1680,R,400.0,15.0,6000
1681,R,400.0,15.0,6000
1682,R,337.0,15.0,5055
1683,R,357.0,15.0,5355
1684,R,400.0,15.0,6000
1685,R,400.0,15.0,6000
1686,R,400.0,15.0,6000
1687,R,400.0,15.0,6000
1688,R,400.0,15.0,6000
1689,R,400.0,15.0,6000
1690,R,400.0,15.0,6000
1691,R,400.0,15.0,6000
1692,R,400.0,15.0,6000
1693,R,400.0,15.0,6000
1694,R,400.0,15.0,6000
1695,R,400.0,15.0,6000
1696,R,627.0,15.0,9405
1697,R,400.0,15.0,6000
1698,R,400.0,15.0,6000
1699,R,400.0,15.0,6000
1700,R,400.0,15.0,6000
1701,R,400.0,15.0,6000
1702,R,400.0,15.0,6000
1703,R,400.0,15.0,6000
1704,R,400.0,15.0,6000
1705,R,400.0,15.0,6000
1706,R,400.0,15.0,6000
1707,R,388.0,15.0,5820
1708,R,407.0,15.0,6105
1709,R,400.0,15.0,6000
1710,R,400.0,15.0,6000
1711,R,400.0,15.0,6000
1712,R,400.0,15.0,6000
1713,R,400.0,15.0,6000
1714,R,400.0,15.0,6000
1715,R,400.0,15.0,6000
1716,R,400.0,15.0,6000
1717,R,400.0,15.0,6000
1718,R,400.0,15.0,6000
1719,R,617.0,15.0,9255
1720,R,387.0,15.0,5805
1721,R,400.0,15.0,6000
1722,R,400.0,15.0,6000
1723,R,400.0,15.0,6000
1724,R,489.0,15.0,7335
1725,R,621.0,15.0,9315
1726,R,384.0,15.0,5760
1727,R,384.0,15.0,5760
1728,R,384.0,15.0,5760
1729,R,384.0,15.0,5760
1730,R,384.0,15.0,5760
1731,R,384.0,15.0,5760
1732,R,384.0,15.0,5760
1733,R,384.0,15.0,5760
1734,R,384.0,15.0,5760
1735,R,661.0,15.0,9915
1736,R,384.0,15.0,5760
1737,R,366.0,15.0,5490
1738,R,360.0,15.0,5400
1739,R,386.0,15.0,5790
1740,R,414.0,15.0,6210
1741,R,386.0,15.0,5790
1742,R,386.0,15.0,5790
1743,R,386.0,15.0,5790
1744,R,384.0,15.0,5760
1745,R,386.0,15.0,5790
1746,R,386.0,15.0,5790
1747,R,383.0,15.0,5745
1748,R,488.0,15.0,7320
1749,R,568.0,15.0,8520
1750,R,400.0,15.0,6000
1751,R,400.0,15.0,6000
1752,R,406.0,15.0,6090
1753,R,389.0,15.0,5835
1754,R,400.0,15.0,6000
1755,R,400.0,15.0,6000
1756,R,400.0,15.0,6000
1757,R,400.0,15.0,6000
1758,R,394.0,15.0,5910
1759,R,388.0,15.0,5820
1760,R,388.0,15.0,5820
1761,R,388.0,15.0,5820
1762,R,388.0,15.0,5820
1763,R,388.0,15.0,5820
1764,R,388.0,15.0,5820
1765,R,388.0,15.0,5820
1766,R,388.0,15.0,5820
1767,R,388.0,15.0,5820
1768,R,607.0,15.0,9105
1769,R,594.0,15.0,8910
1770,R,378.0,15.0,5670
1771,R,379.0,15.0,5685
1772,R,381.0,15.0,5715
1773,R,381.0,15.0,5715
1774,R,382.0,15.0,5730
1775,R,382.0,15.0,5730
1776,R,383.0,15.0,5745
1777,R,384.0,15.0,5760
1778,R,385.0,15.0,5775
1779,R,602.0,15.0,9030
1780,R,362.0,15.0,5430
1781,R,362.0,15.0,5430
1782,R,362.0,15.0,5430
1783,R,362.0,15.0,5430
1784,R,373.0,15.0,5595
1785,R,457.0,15.0,6855
1786,R,400.0,15.0,6000
1787,R,400.0,15.0,6000
1788,R,400.0,15.0,6000
1789,R,400.0,15.0,6000
1790,R,400.0,15.0,6000
1791,R,627.0,15.0,9405
1792,L3,635.0,15.0,9525
1793,L3,500.0,15.0,7500
1794,L3,500.0,15.0,7500
1795,L3,500.0,15.0,7500
1796,L3,500.0,15.0,7500
1797,L3,500.0,15.0,7500
1798,L3,500.0,15.0,7500
1799,L3,500.0,15.0,7500
1800,L3,500.0,15.0,7500
1801,L3,500.0,15.0,7500
1802,L3,500.0,15.0,7500
1803,L3,500.0,15.0,7500
1804,L3,500.0,15.0,7500
1805,L3,500.0,15.0,7500
1806,L3,500.0,15.0,7500
1807,L3,500.0,15.0,7500
1808,L3,500.0,15.0,7500
1809,L3,544.0,15.0,8160
1810,L3,500.0,15.0,7500
1811,L3,500.0,15.0,7500
1812,L3,500.0,15.0,7500
1813,L3,500.0,15.0,7500
1814,L3,500.0,15.0,7500
1815,L3,500.0,15.0,7500
1816,L3,500.0,15.0,7500
1817,L3,500.0,15.0,7500
1818,L3,500.0,15.0,7500
1819,L3,500.0,15.0,7500
1820,L3,500.0,15.0,7500
1821,L3,500.0,15.0,7500
1822,L3,500.0,15.0,7500
1823,L3,500.0,15.0,7500
1824,L3,408.0,15.0,6120
1825,L3,741.0,15.0,11115
1826,L3,600.0,15.0,9000
1827,L3,600.0,15.0,9000
1828,L3,600.0,15.0,9000
1829,L3,600.0,15.0,9000
1830,L3,600.0,15.0,9000
1831,L3,600.0,15.0,9000
1832,L3,600.0,15.0,9000
1833,L3,600.0,15.0,9000
1834,L3,600.0,15.0,9000
1835,L3,600.0,15.0,9000
1836,L3,600.0,15.0,9000
1837,L3,600.0,15.0,9000
1838,L3,600.0,15.0,9000
1839,L3,600.0,15.0,9000
1840,L3,600.0,15.0,9000
1841,L3,1046.0,15.0,15690
1842,L3,936.0,15.0,14040
1843,L3,600.0,15.0,9000
1844,L3,600.0,15.0,9000
1845,L3,600.0,15.0,9000
1846,L3,600.0,15.0,9000
1847,L3,600.0,15.0,9000
1848,L3,600.0,15.0,9000
1849,L3,600.0,15.0,9000
1850,L3,600.0,15.0,9000
1851,L3,600.0,15.0,9000
1852,L3,600.0,15.0,9000
1853,L3,600.0,15.0,9000
1854,L3,600.0,15.0,9000
1855,L3,600.0,15.0,9000
1856,L3,600.0,15.0,9000
1857,L3,600.0,15.0,9000
1858,L3,738.0,15.0,11070
1859,L3,960.0,15.0,14400
1860,L3,600.0,15.0,9000
1861,L3,600.0,15.0,9000
1862,L3,600.0,15.0,9000
1863,L3,600.0,15.0,9000
1864,L3,600.0,15.0,9000
1865,L3,600.0,15.0,9000
1866,L3,600.0,15.0,9000
1867,L3,600.0,15.0,9000
1868,L3,898.0,15.0,13470
1869,L3,900.0,15.0,13500
1870,L3,600.0,15.0,9000
1871,L3,600.0,15.0,9000
1872,L3,600.0,15.0,9000
1873,L3,600.0,15.0,9000
1874,L3,600.0,15.0,9000
1875,L3,600.0,15.0,9000
1876,L3,600.0,15.0,9000
1877,L3,600.0,15.0,9000
1878,L3,953.0,15.0,14295
1879,L3,638.0,15.0,9570
1880,L3,600.0,15.0,9000
1881,L3,600.0,15.0,9000
1882,L3,600.0,15.0,9000
1883,L3,732.0,15.0,10980
1884,L3,714.0,15.0,10710
1885,L3,600.0,15.0,9000
1886,L3,600.0,15.0,9000
1887,L3,600.0,15.0,9000
1888,L3,1117.0,15.0,16755
1889,L3,696.0,15.0,10440
1890,L3,677.0,15.0,10155
1891,L3,801.0,15.0,12015
1892,L3,752.0,15.0,11280
1893,L3,477.0,15.0,7155
1894,L3,500.0,15.0,7500
1895,L3,500.0,15.0,7500
1896,L3,500.0,15.0,7500
1897,L3,500.0,15.0,7500
1898,L3,500.0,15.0,7500
1899,L3,543.0,15.0,8145
1900,L3,477.0,15.0,7155
1901,L3,701.0,15.0,10515
1902,L3,602.0,15.0,9030
1903,L3,600.0,15.0,9000
1904,L3,600.0,15.0,9000
1905,L3,600.0,15.0,9000
1906,L3,600.0,15.0,9000
1907,L3,600.0,15.0,9000
1908,L3,600.0,15.0,9000
1909,L3,600.0,15.0,9000
1910,L3,600.0,15.0,9000
1911,L3,600.0,15.0,9000
1912,L3,600.0,15.0,9000
1913,L3,600.0,15.0,9000
1914,L3,882.0,15.0,13230
1915,L3,882.0,15.0,13230
1916,L3,600.0,15.0,9000
1917,L3,600.0,15.0,9000
1918,L3,600.0,15.0,9000
1919,L3,600.0,15.0,9000
1920,L3,600.0,15.0,9000
1921,L3,600.0,15.0,9000
1922,L3,600.0,15.0,9000
1923,L3,600.0,15.0,9000
1924,L3,600.0,15.0,9000
1925,L3,600.0,15.0,9000
1926,L3,600.0,15.0,9000
1927,L3,647.0,15.0,9705
1928,L3,498.0,15.0,7470
1929,L3,600.0,15.0,9000
1930,L3,600.0,15.0,9000
1931,L3,600.0,15.0,9000
1932,L3,600.0,15.0,9000
1933,L3,659.0,15.0,9885
1934,L3,600.0,15.0,9000
1935,L3,600.0,15.0,9000
1936,L3,577.0,15.0,8655
1937,L3,600.0,15.0,9000
1938,L3,600.0,15.0,9000
1939,L3,600.0,15.0,9000
1940,L3,600.0,15.0,9000
1941,L3,942.0,15.0,14130
1942,L3,942.0,15.0,14130
1943,L3,600.0,15.0,9000
1944,L3,1050.0,15.0,15750
1945,L3,750.0,15.0,11250
1946,L3,802.0,15.0,12030
1947,L3,600.0,15.0,9000
1948,L3,600.0,15.0,9000
1949,L3,600.0,15.0,9000
1950,L3,600.0,15.0,9000
1951,L3,659.0,15.0,9885
1952,L3,703.0,15.0,10545
1953,L3,600.0,15.0,9000
1954,L3,600.0,15.0,9000
1955,L3,600.0,15.0,9000
1956,L3,659.0,15.0,9885
1957,L3,703.0,15.0,10545
1958,L3,600.0,15.0,9000
1959,L3,600.0,15.0,9000
1960,L3,600.0,15.0,9000
1961,L3,600.0,15.0,9000
1962,L3,600.0,15.0,9000
1963,L3,600.0,15.0,9000
1964,L3,600.0,15.0,9000
1965,L3,600.0,15.0,9000
1966,L3,577.0,15.0,8655
1967,L3,667.0,15.0,10005
1968,L3,600.0,15.0,9000
1969,L3,600.0,15.0,9000
1970,L3,600.0,15.0,9000
1971,L3,577.0,15.0,8655
1972,L3,577.0,15.0,8655
1973,L3,600.0,15.0,9000
1974,L3,653.0,15.0,9795
1975,L3,720.0,15.0,10800
1976,L3,719.0,15.0,10785
1977,L3,719.0,15.0,10785
1978,L3,649.0,15.0,9735
1979,L3,583.0,15.0,8745
1980,L3,600.0,15.0,9000
1981,L3,578.0,15.0,8670
1982,L3,577.0,15.0,8655
1983,L3,600.0,15.0,9000
1984,L3,582.0,15.0,8730
1985,L3,649.0,15.0,9735
1986,L3,779.0,15.0,11685
1987,L3,661.0,15.0,9915
1988,L3,651.0,15.0,9765
1989,L3,584.0,15.0,8760
1990,L3,600.0,15.0,9000
1991,L3,5741.0,15.0,86115
1992,L3,763.0,15.0,11445
1993,L3,600.0,15.0,9000
1994,L3,600.0,15.0,9000
1995,L3,600.0,15.0,9000
1996,L3,600.0,15.0,9000
1997,L3,600.0,15.0,9000
1998,L3,600.0,15.0,9000
1999,L3,600.0,15.0,9000
2000,L3,600.0,15.0,9000
2001,L3,600.0,15.0,9000
2002,L3,600.0,15.0,9000
2003,L3,600.0,15.0,9000
2004,L3,571.0,15.0,8565
2005,L3,600.0,15.0,9000
2006,L3,600.0,15.0,9000
2007,L3,600.0,15.0,9000
2008,L3,600.0,15.0,9000
2009,L3,577.0,15.0,8655
2010,L3,582.0,15.0,8730
2011,L3,600.0,15.0,9000
2012,L3,1049.0,15.0,15735
2013,L3,750.0,15.0,11250
2014,L3,600.0,15.0,9000
2015,L3,600.0,15.0,9000
2016,L3,600.0,15.0,9000
2017,L3,600.0,15.0,9000
2018,L3,600.0,15.0,9000
2019,L3,600.0,15.0,9000
2020,L3,600.0,15.0,9000
2021,L3,600.0,15.0,9000
2022,L3,600.0,15.0,9000
2023,L3,759.0,15.0,11385
2024,L3,432.0,15.0,6480
2025,L3,460.0,15.0,6900
2026,L3,460.0,15.0,6900
2027,L3,460.0,15.0,6900
2028,L3,460.0,15.0,6900
2029,L3,460.0,15.0,6900
2030,L3,332.0,15.0,4980
2031,L3,304.0,15.0,4560
2032,L3,460.0,15.0,6900
2033,L3,460.0,15.0,6900
2034,L3,400.0,15.0,6000
2035,L3,460.0,15.0,6900
2036,L3,460.0,15.0,6900
2037,L3,395.0,15.0,5925
2038,L3,877.0,15.0,13155
2039,L3,600.0,15.0,9000
2040,L3,600.0,15.0,9000
2041,L3,600.0,15.0,9000
2042,L3,600.0,15.0,9000
2043,L3,600.0,15.0,9000
2044,L3,600.0,15.0,9000
2045,L3,600.0,15.0,9000
2046,L3,600.0,15.0,9000
2047,L3,600.0,15.0,9000
2048,L3,630.0,15.0,9450
2049,L3,1049.0,15.0,15735
2050,L3,600.0,15.0,9000
2051,L3,581.0,15.0,8715
2052,L3,2053.0,15.0,30795
2053,L3,2053.0,15.0,30795
2054,L3,2053.0,15.0,30795
2055,L3,2053.0,15.0,30795
2056,L3,2053.0,15.0,30795
2057,L3,2058.0,15.0,30870
2058,L3,1080.0,15.0,16200
2059,L3,600.0,15.0,9000
2060,L3,600.0,15.0,9000
2061,L3,600.0,15.0,9000
2062,L3,600.0,15.0,9000
2063,L3,600.0,15.0,9000
2064,L3,600.0,15.0,9000
2065,L3,600.0,15.0,9000
2066,L3,600.0,15.0,9000
2067,L3,600.0,15.0,9000
2068,L3,877.0,15.0,13155
2069,L3,577.0,15.0,8655
2070,L3,679.0,15.0,10185
2071,L3,600.0,15.0,9000
2072,L3,600.0,15.0,9000
2073,L3,937.0,15.0,14055
2074,L3,600.0,15.0,9000
2075,L3,874.0,15.0,13110
2076,L3,918.0,15.0,13770
2077,L3,600.0,15.0,9000
2078,L3,600.0,15.0,9000
2079,L3,590.0,15.0,8850
2080,L3,600.0,15.0,9000
2081,L3,715.0,15.0,10725
2082,L3,693.0,15.0,10395
2083,L3,582.0,15.0,8730
2084,L3,582.0,15.0,8730
2085,L3,600.0,15.0,9000
2086,L3,575.0,15.0,8625
2087,L3,600.0,15.0,9000
2088,L3,600.0,15.0,9000
2089,L3,605.0,15.0,9075
2090,L3,531.0,15.0,7965
2091,L3,600.0,15.0,9000
2092,L3,905.0,15.0,13575
2093,L3,900.0,15.0,13500
2094,L3,819.0,15.0,12285
2095,L3,821.0,15.0,12315
2096,L3,823.0,15.0,12345
2097,L3,807.0,15.0,12105
2098,L3,582.0,15.0,8730
2099,L3,600.0,15.0,9000
2100,L3,600.0,15.0,9000
2101,L3,779.0,15.0,11685
2102,L3,674.0,15.0,10110
2103,L3,600.0,15.0,9000
2104,L3,600.0,15.0,9000
2105,L3,600.0,15.0,9000
2106,L3,803.0,15.0,12045
2107,L3,600.0,15.0,9000
2108,L3,582.0,15.0,8730
2109,L3,582.0,15.0,8730
2110,L3,600.0,15.0,9000
2111,L3,526.0,15.0,7890
2112,L3,600.0,15.0,9000
2113,L3,600.0,15.0,9000
2114,L3,600.0,15.0,9000
2115,L3,758.0,15.0,11370
2116,L3,1013.0,15.0,15195
2117,L3,600.0,15.0,9000
2118,L3,600.0,15.0,9000
2119,L3,736.0,15.0,11040
2120,L3,620.0,15.0,9300
2121,L3,600.0,15.0,9000
2122,L3,578.0,15.0,8670
2123,L3,586.0,15.0,8790
2124,L3,600.0,15.0,9000
2125,L3,600.0,15.0,9000
2126,L3,478.0,15.0,7170
2127,L3,600.0,15.0,9000
2128,L3,600.0,15.0,9000
2129,L3,600.0,15.0,9000
2130,L3,600.0,15.0,9000
2131,L3,569.0,15.0,8535
2132,L3,600.0,15.0,9000
2133,L3,600.0,15.0,9000
2134,L3,600.0,15.0,9000
2135,L3,600.0,15.0,9000
2136,L3,670.0,15.0,10050
2137,L3,640.0,15.0,9600
2138,L3,600.0,15.0,9000
2139,L3,600.0,15.0,9000
2140,L3,600.0,15.0,9000
2141,L3,819.0,15.0,12285
2142,L3,600.0,15.0,9000
2143,L3,600.0,15.0,9000
2144,L3,600.0,15.0,9000
2145,L3,600.0,15.0,9000
2146,L3,600.0,15.0,9000
2147,L3,707.0,15.0,10605
2148,L3,600.0,15.0,9000
2149,L3,600.0,15.0,9000
2150,L3,583.0,15.0,8745
2151,L2,577.0,15.0,8655
2152,L2,600.0,15.0,9000
2153,L2,600.0,15.0,9000
2154,L2,600.0,15.0,9000
2155,L2,600.0,15.0,9000
2156,L2,1005.0,15.0,15075
2157,L2,725.0,15.0,10875
2158,L2,600.0,15.0,9000
2159,L2,600.0,15.0,9000
2160,L2,600.0,15.0,9000
2161,L2,600.0,15.0,9000
2162,L2,600.0,15.0,9000
2163,L2,600.0,15.0,9000
2164,L2,600.0,15.0,9000
2165,L2,600.0,15.0,9000
2166,L2,600.0,15.0,9000
2167,L2,577.0,15.0,8655
2168,L2,1029.0,15.0,15435
2169,L2,975.0,15.0,14625
2170,L2,700.0,15.0,10500
2171,L2,600.0,15.0,9000
2172,L2,600.0,15.0,9000
2173,L2,600.0,15.0,9000
2174,L2,600.0,15.0,9000
2175,L2,622.0,15.0,9330
2176,L2,600.0,15.0,9000
2177,L2,600.0,15.0,9000
2178,L2,600.0,15.0,9000
2179,L2,600.0,15.0,9000
2180,L2,600.0,15.0,9000
2181,L2,577.0,15.0,8655
2182,L2,600.0,15.0,9000
2183,L2,600.0,15.0,9000
2184,L2,727.0,15.0,10905
2185,L2,700.0,15.0,10500
2186,L2,805.0,15.0,12075
2187,L2,1148.0,15.0,17220
2188,L2,947.0,15.0,14205
2189,L2,712.0,15.0,10680
2190,L2,658.0,15.0,9870
2191,L2,600.0,15.0,9000
2192,L2,600.0,15.0,9000
2193,L2,600.0,15.0,9000
2194,L2,600.0,15.0,9000
2195,L2,600.0,15.0,9000
2196,L2,600.0,15.0,9000
2197,L2,600.0,15.0,9000
2198,L2,600.0,15.0,9000
2199,L2,600.0,15.0,9000
2200,L2,600.0,15.0,9000
2201,L2,947.0,15.0,14205
2202,L2,600.0,15.0,9000
2203,L2,600.0,15.0,9000
2204,L2,600.0,15.0,9000
2205,L2,600.0,15.0,9000
2206,L2,600.0,15.0,9000
2207,L2,600.0,15.0,9000
2208,L2,811.0,15.0,12165
2209,L2,600.0,15.0,9000
2210,L2,600.0,15.0,9000
2211,L2,600.0,15.0,9000
2212,L2,600.0,15.0,9000
2213,L2,600.0,15.0,9000
2214,L2,600.0,15.0,9000
2215,L2,559.0,15.0,8385
2216,L3,724.0,15.0,10860
2217,L3,600.0,15.0,9000
2218,L3,600.0,15.0,9000
2219,L3,600.0,15.0,9000
2220,L3,600.0,15.0,9000
2221,L3,600.0,15.0,9000
2222,L3,600.0,15.0,9000
2223,L3,600.0,15.0,9000
2224,L3,600.0,15.0,9000
2225,L3,600.0,15.0,9000
2226,L3,572.0,15.0,8580
2227,L3,580.0,15.0,8700
2228,L3,600.0,15.0,9000
2229,L3,600.0,15.0,9000
2230,L3,600.0,15.0,9000
2231,L3,600.0,15.0,9000
2232,L3,600.0,15.0,9000
2233,L3,600.0,15.0,9000
2234,L3,600.0,15.0,9000
2235,L3,600.0,15.0,9000
2236,L3,600.0,15.0,9000
2237,L3,720.0,15.0,10800
2238,L2,571.0,15.0,8565
2239,L2,600.0,15.0,9000
2240,L2,600.0,15.0,9000
2241,L2,600.0,15.0,9000
2242,L2,720.0,15.0,10800
2243,L2,600.0,15.0,9000
2244,L2,600.0,15.0,9000
2245,L2,600.0,15.0,9000
2246,L2,600.0,15.0,9000
2247,L2,600.0,15.0,9000
2248,L2,1092.0,15.0,16380
2249,L2,711.0,15.0,10665
2250,L2,609.0,15.0,9135
2251,L2,600.0,15.0,9000
2252,L2,600.0,15.0,9000
2253,L2,600.0,15.0,9000
2254,L2,918.0,15.0,13770
2255,L2,600.0,15.0,9000
2256,L2,600.0,15.0,9000
2257,L2,600.0,15.0,9000
2258,L2,571.0,15.0,8565
2259,L2,562.0,15.0,8430
2260,L2,600.0,15.0,9000
2261,L2,600.0,15.0,9000
2262,L2,646.0,15.0,9690
2263,L2,494.0,15.0,7410
2264,L2,600.0,15.0,9000
2265,L2,600.0,15.0,9000
2266,L2,600.0,15.0,9000
2267,L2,600.0,15.0,9000
2268,L2,600.0,15.0,9000
2269,L2,600.0,15.0,9000
2270,L2,600.0,15.0,9000
2271,L2,600.0,15.0,9000
2272,L2,600.0,15.0,9000
2273,L2,600.0,15.0,9000
2274,L2,450.0,15.0,6750
2275,L2,600.0,15.0,9000
2276,L2,600.0,15.0,9000
2277,L2,600.0,15.0,9000
2278,L2,600.0,15.0,9000
2279,L2,600.0,15.0,9000
2280,L2,600.0,15.0,9000
2281,L2,684.0,15.0,10260
2282,L2,600.0,15.0,9000
2283,L2,600.0,15.0,9000
2284,L2,600.0,15.0,9000
2285,L2,600.0,15.0,9000
2286,L2,719.0,15.0,10785
2287,L2,701.0,15.0,10515
2288,L2,818.0,15.0,12270
2289,L2,836.0,15.0,12540
2290,L2,600.0,15.0,9000
2291,L2,888.0,15.0,13320
2292,L2,600.0,15.0,9000
2293,L2,600.0,15.0,9000
2294,L2,888.0,15.0,13320
2295,L2,1070.0,15.0,16050
2296,L2,600.0,15.0,9000
2297,L2,600.0,15.0,9000
2298,L2,600.0,15.0,9000
2299,L2,600.0,15.0,9000
2300,L2,600.0,15.0,9000
2301,L2,603.0,15.0,9045
2302,L2,1050.0,15.0,15750
2303,L2,720.0,15.0,10800
2304,L2,2304.0,15.0,34560
2305,L2,2304.0,15.0,34560
2306,L2,2304.0,15.0,34560
2307,L2,2304.0,15.0,34560
2308,L2,577.0,15.0,8655
2309,L2,1324.0,15.0,19860
2310,L2,635.0,15.0,9525
2311,L2,600.0,15.0,9000
2312,L2,600.0,15.0,9000
2313,L2,559.0,15.0,8385
2314,L2,919.0,15.0,13785
2315,L2,600.0,15.0,9000
2316,L2,600.0,15.0,9000
2317,L2,600.0,15.0,9000
2318,L2,600.0,15.0,9000
2319,L2,600.0,15.0,9000
2320,L2,674.0,15.0,10110
2321,L2,961.0,15.0,14415
2322,L2,600.0,15.0,9000
2323,L2,509.0,15.0,7635
2324,L2,638.0,15.0,9570
2325,L2,700.0,15.0,10500
2326,L2,767.0,15.0,11505
2327,L2,841.0,15.0,12615
2328,L2,824.0,15.0,12360
2329,L2,600.0,15.0,9000
2330,L2,600.0,15.0,9000
2331,L2,487.0,15.0,7305
2332,L2,507.0,15.0,7605
2333,L2,600.0,15.0,9000
2334,L2,600.0,15.0,9000
2335,L2,564.0,15.0,8460
2336,L2,642.0,15.0,9630
2337,L2,600.0,15.0,9000
2338,L2,600.0,15.0,9000
2339,L2,756.0,15.0,11340
2340,L2,600.0,15.0,9000
2341,L2,600.0,15.0,9000
2342,L2,600.0,15.0,9000
2343,L2,600.0,15.0,9000
2344,L2,662.0,15.0,9930
2345,L2,563.0,15.0,8445
2346,L2,600.0,15.0,9000
2347,L2,600.0,15.0,9000
2348,L2,820.0,15.0,12300
2349,L2,600.0,15.0,9000
2350,L2,600.0,15.0,9000
2351,L2,600.0,15.0,9000
2352,L2,600.0,15.0,9000
2353,L2,605.0,15.0,9075
2354,L2,600.0,15.0,9000
2355,L2,600.0,15.0,9000
2356,L2,641.0,15.0,9615
2357,L2,1032.0,15.0,15480
2358,L2,600.0,15.0,9000
2359,L2,606.0,15.0,9090
2360,L2,600.0,15.0,9000
2361,L2,600.0,15.0,9000
2362,L2,600.0,15.0,9000
2363,L2,600.0,15.0,9000
2364,L2,983.0,15.0,14745
2365,L2,600.0,15.0,9000
2366,L2,509.0,15.0,7635
2367,L2,567.0,15.0,8505
2368,L2,600.0,15.0,9000
2369,L2,670.0,15.0,10050
2370,L2,600.0,15.0,9000
2371,L2,600.0,15.0,9000
2372,L2,600.0,15.0,9000
2373,L2,600.0,15.0,9000
2374,L2,457.0,15.0,6855
2375,L2,755.0,15.0,11325
2376,L2,1092.0,15.0,16380
2377,L2,600.0,15.0,9000
2378,L2,600.0,15.0,9000
2379,L2,600.0,15.0,9000
2380,L2,600.0,15.0,9000
2381,L2,600.0,15.0,9000
2382,L2,600.0,15.0,9000
2383,L2,600.0,15.0,9000
2384,L2,600.0,15.0,9000
2385,L2,600.0,15.0,9000
2386,L2,600.0,15.0,9000
2387,L2,600.0,15.0,9000
2388,L2,600.0,15.0,9000
2389,L2,600.0,15.0,9000
2390,L2,600.0,15.0,9000
2391,L2,600.0,15.0,9000
2392,L2,600.0,15.0,9000
2393,P,570.0,15.0,8550
2394,P,600.0,15.0,9000
2395,P,600.0,15.0,9000
2396,P,600.0,15.0,9000
2397,P,600.0,15.0,9000
2398,P,600.0,15.0,9000
2399,P,600.0,15.0,9000
2400,P,600.0,15.0,9000
2401,P,600.0,15.0,9000
2402,P,829.0,15.0,12435
2403,P,582.0,15.0,8730
2404,P,532.0,15.0,7980
2405,P,600.0,15.0,9000
2406,P,600.0,15.0,9000
2407,P,600.0,15.0,9000
2408,P,600.0,15.0,9000
2409,P,600.0,15.0,9000
2410,P,600.0,15.0,9000
2411,P,600.0,15.0,9000
2412,P,600.0,15.0,9000
2413,P,594.0,15.0,8910
2414,P,848.0,15.0,12720
2415,P,600.0,15.0,9000
2416,P,600.0,15.0,9000
2417,P,600.0,15.0,9000
2418,P,600.0,15.0,9000
2419,P,600.0,15.0,9000
2420,P,600.0,15.0,9000
2421,P,600.0,15.0,9000
2422,P,835.0,15.0,12525
2423,P,582.0,15.0,8730
2424,P,582.0,15.0,8730
2425,P,1051.0,15.0,15765
2426,P,600.0,15.0,9000
2427,P,600.0,15.0,9000
2428,P,600.0,15.0,9000
2429,P,600.0,15.0,9000
2430,P,600.0,15.0,9000
2431,P,600.0,15.0,9000
2432,P,600.0,15.0,9000
2433,P,872.0,15.0,13080
2434,P,904.0,15.0,13560
2435,P,600.0,15.0,9000
2436,P,600.0,15.0,9000
2437,P,600.0,15.0,9000
2438,P,600.0,15.0,9000
2439,P,600.0,15.0,9000
2440,P,600.0,15.0,9000
2441,P,569.0,15.0,8535
2442,P,612.0,15.0,9180
2443,P,600.0,15.0,9000
2444,P,600.0,15.0,9000
2445,P,600.0,15.0,9000
2446,P,600.0,15.0,9000
2447,P,600.0,15.0,9000
2448,P,600.0,15.0,9000
2449,P,849.0,15.0,12735
2450,P,769.0,15.0,11535
2451,P,600.0,15.0,9000
2452,P,600.0,15.0,9000
2453,P,600.0,15.0,9000
2454,P,600.0,15.0,9000
2455,P,601.0,15.0,9015
2456,P,655.0,15.0,9825
2457,P,583.0,15.0,8745
2458,P,1121.0,15.0,16815
2459,P,1100.0,15.0,16500
2460,P,600.0,15.0,9000
2461,P,600.0,15.0,9000
2462,P,600.0,15.0,9000
2463,P,644.0,15.0,9660
2464,P,567.0,15.0,8505
2465,P,540.0,15.0,8100
2466,P,1074.0,15.0,16110
2467,P,643.0,15.0,9645
2468,P,593.0,15.0,8895
2469,P,657.0,15.0,9855
2470,P,540.0,15.0,8100
2471,P,540.0,15.0,8100
2472,P,576.0,15.0,8640
2473,P,983.0,15.0,14745
2474,P,610.0,15.0,9150
2475,P,687.0,15.0,10305
2476,P,1029.0,15.0,15435
2477,P,600.0,15.0,9000
2478,P,600.0,15.0,9000
2479,P,600.0,15.0,9000
2480,P,600.0,15.0,9000
2481,P,600.0,15.0,9000
2482,P,600.0,15.0,9000
2483,P,600.0,15.0,9000
2484,P,1043.0,15.0,15645
2485,P,946.0,15.0,14190
2486,P,600.0,15.0,9000
2487,P,600.0,15.0,9000
2488,P,600.0,15.0,9000
2489,P,600.0,15.0,9000
2490,P,600.0,15.0,9000
2491,P,600.0,15.0,9000
2492,P,600.0,15.0,9000
2493,P,600.0,15.0,9000
2494,P,648.0,15.0,9720
2495,P,600.0,15.0,9000
2496,P,600.0,15.0,9000
2497,P,600.0,15.0,9000
2498,P,600.0,15.0,9000
2499,P,580.0,15.0,8700
2500,P,1093.0,15.0,16395
2501,P,600.0,15.0,9000
2502,P,600.0,15.0,9000
2503,P,600.0,15.0,9000
2504,P,600.0,15.0,9000
2505,P,600.0,15.0,9000
2506,P,600.0,15.0,9000
2507,P,600.0,15.0,9000
2508,P,828.0,15.0,12420
2509,P,1058.0,15.0,15870
2510,P,600.0,15.0,9000
2511,P,600.0,15.0,9000
2512,P,600.0,15.0,9000
2513,P,600.0,15.0,9000
2514,P,600.0,15.0,9000
2515,P,600.0,15.0,9000
2516,P,682.0,15.0,10230
2517,P,545.0,15.0,8175
2518,P,616.0,15.0,9240
2519,P,600.0,15.0,9000
2520,P,600.0,15.0,9000
2521,P,600.0,15.0,9000
2522,P,600.0,15.0,9000
2523,P,600.0,15.0,9000
2524,P,600.0,15.0,9000
2525,P,600.0,15.0,9000
2526,P,600.0,15.0,9000
2527,P,463.0,15.0,6945
2528,P,765.0,15.0,11475
2529,P,600.0,15.0,9000
2530,P,600.0,15.0,9000
2531,P,600.0,15.0,9000
2532,P,600.0,15.0,9000
2533,P,600.0,15.0,9000
2534,P,600.0,15.0,9000
2535,P,600.0,15.0,9000
2536,P,600.0,15.0,9000
2537,P,940.0,15.0,14100
2538,P,880.0,15.0,13200
2539,P,601.0,15.0,9015
2540,P,604.0,15.0,9060
2541,P,581.0,15.0,8715
2542,P,766.0,15.0,11490
2543,P,521.0,15.0,7815
2544,P,600.0,15.0,9000
2545,P,600.0,15.0,9000
2546,P,600.0,15.0,9000
2547,P,600.0,15.0,9000
2548,P,600.0,15.0,9000
2549,P,600.0,15.0,9000
2550,P,600.0,15.0,9000
2551,P,600.0,15.0,9000
2552,P,600.0,15.0,9000
2553,P,521.0,15.0,7815
2554,P,918.0,15.0,13770
2555,P,532.0,15.0,7980
2556,P,600.0,15.0,9000
2557,P,600.0,15.0,9000
2558,P,600.0,15.0,9000
2559,P,600.0,15.0,9000
2560,P,600.0,15.0,9000
2561,P,600.0,15.0,9000
2562,P,600.0,15.0,9000
2563,P,600.0,15.0,9000
2564,P,600.0,15.0,9000
2565,P,600.0,15.0,9000
2566,P,600.0,15.0,9000
2567,P,592.0,15.0,8880
2568,P,1184.0,15.0,17760
2569,L1,1100.0,15.0,16500
2570,L1,1017.0,15.0,15255
2571,L1,920.0,15.0,13800
2572,L1,837.0,15.0,12555
2573,L1,734.0,15.0,11010
2574,L1,936.0,15.0,14040
2575,L1,792.0,15.0,11880
2576,L1,904.0,15.0,13560
2577,L1,844.0,15.0,12660
2578,L1,961.0,15.0,14415
2579,L1,1690.0,15.0,25350
2580,L1,1193.0,15.0,17895
2581,L1,809.0,15.0,12135
2582,L1,800.0,15.0,12000
2583,L1,807.0,15.0,12105
2584,L1,991.0,15.0,14865
2585,L1,1000.0,15.0,15000
2586,L1,800.0,15.0,12000
2587,L1,800.0,15.0,12000
2588,L1,800.0,15.0,12000
2589,L1,800.0,15.0,12000
2590,L1,800.0,15.0,12000
2591,L1,800.0,15.0,12000
2592,L1,1588.0,15.0,23820
2593,L1,1002.0,15.0,15030
2594,L1,800.0,15.0,12000
2595,L1,800.0,15.0,12000
2596,L1,800.0,15.0,12000
2597,L1,800.0,15.0,12000
2598,L1,800.0,15.0,12000
2599,L1,800.0,15.0,12000
2600,L1,800.0,15.0,12000
2601,L1,793.0,15.0,11895
2602,L1,999.0,15.0,14985
2603,L1,836.0,15.0,12540
2604,L1,695.0,15.0,10425
2605,L1,707.0,15.0,10605
2606,L1,600.0,15.0,9000
2607,L1,600.0,15.0,9000
2608,L1,600.0,15.0,9000
2609,L1,600.0,15.0,9000
2610,L1,600.0,15.0,9000
2611,L1,673.0,15.0,10095
2612,L1,600.0,15.0,9000
2613,L1,890.0,15.0,13350
2614,L1,1202.0,15.0,18030
2615,L1,800.0,15.0,12000
2616,L1,800.0,15.0,12000
2617,L1,1040.0,15.0,15600
2618,L1,800.0,15.0,12000
2619,L1,800.0,15.0,12000
2620,L1,800.0,15.0,12000
2621,L1,800.0,15.0,12000
2622,L1,797.0,15.0,11955
2623,L1,965.0,15.0,14475
2624,L1,1516.0,15.0,22740
2625,L1,800.0,15.0,12000
2626,L1,800.0,15.0,12000
2627,L1,800.0,15.0,12000
2628,L1,800.0,15.0,12000
2629,L1,800.0,15.0,12000
2630,L1,1016.0,15.0,15240
2631,L1,800.0,15.0,12000
2632,L1,800.0,15.0,12000
2633,L1,1199.0,15.0,17985
2634,L1,1271.0,15.0,19065
2635,L1,800.0,15.0,12000
2636,L1,800.0,15.0,12000
2637,L1,806.0,15.0,12090
2638,L1,996.0,15.0,14940
2639,L1,800.0,15.0,12000
2640,L1,800.0,15.0,12000
2641,L1,800.0,15.0,12000
2642,L1,800.0,15.0,12000
2643,L1,800.0,15.0,12000
2644,L1,1201.0,15.0,18015
2645,L1,852.0,15.0,12780
2646,L1,800.0,15.0,12000
2647,L1,800.0,15.0,12000
2648,L1,800.0,15.0,12000
2649,L1,800.0,15.0,12000
2650,L1,795.0,15.0,11925
2651,L1,811.0,15.0,12165
2652,L1,975.0,15.0,14625
2653,L1,794.0,15.0,11910
2654,L1,800.0,15.0,12000
2655,L1,796.0,15.0,11940
2656,L1,1199.0,15.0,17985
2657,L1,947.0,15.0,14205
2658,L1,1130.0,15.0,16950
2659,L1,806.0,15.0,12090
2660,L1,800.0,15.0,12000
2661,L1,800.0,15.0,12000
2662,L1,800.0,15.0,12000
2663,L1,800.0,15.0,12000
2664,L1,800.0,15.0,12000
2665,L1,800.0,15.0,12000
2666,L1,795.0,15.0,11925
2667,L1,967.0,15.0,14505
2668,L1,800.0,15.0,12000
2669,L1,800.0,15.0,12000
2670,L1,800.0,15.0,12000
2671,L1,800.0,15.0,12000
2672,L1,803.0,15.0,12045
2673,L1,809.0,15.0,12135
2674,L1,811.0,15.0,12165
2675,L1,809.0,15.0,12135
2676,L1,811.0,15.0,12165
2677,L1,1291.0,15.0,19365
2678,L1,1650.0,15.0,24750
2679,L1,1250.0,15.0,18750
2680,L1,1677.0,15.0,25155
2681,L1,1409.0,15.0,21135
2682,L1,1250.0,15.0,18750
2683,L1,1250.0,15.0,18750
2684,L1,1250.0,15.0,18750
2685,L1,1250.0,15.0,18750
2686,L1,1250.0,15.0,18750
2687,L1,1250.0,15.0,18750
2688,L1,1250.0,15.0,18750
2689,L1,1250.0,15.0,18750
2690,L1,1250.0,15.0,18750
2691,L1,1250.0,15.0,18750
2692,L1,1250.0,15.0,18750
2693,L1,1119.0,15.0,16785
2694,L1,1284.0,15.0,19260
2695,L1,1200.0,15.0,18000
2696,L1,1200.0,15.0,18000
2697,L1,1200.0,15.0,18000
2698,L1,1200.0,15.0,18000
2699,L1,1200.0,15.0,18000
2700,L1,1200.0,15.0,18000
2701,L1,1200.0,15.0,18000
2702,L1,1172.0,15.0,17580
2703,L1,1093.0,15.0,16395
2704,L1,1200.0,15.0,18000
2705,L1,1200.0,15.0,18000
2706,L1,1200.0,15.0,18000
2707,L1,1200.0,15.0,18000
2708,L1,1200.0,15.0,18000
2709,L1,1200.0,15.0,18000
2710,L1,1200.0,15.0,18000
2711,L1,1284.0,15.0,19260
2712,L1,1286.0,15.0,19290
2713,L1,1255.0,15.0,18825
2714,L1,1256.0,15.0,18840
2715,L1,1552.0,15.0,23280
2716,L1,1894.0,15.0,28410
2717,L1,1200.0,15.0,18000
2718,L1,1200.0,15.0,18000
2719,L1,1200.0,15.0,18000
2720,L1,1200.0,15.0,18000
2721,L1,1200.0,15.0,18000
2722,L1,1200.0,15.0,18000
2723,L1,1200.0,15.0,18000
2724,L1,1200.0,15.0,18000
2725,L1,1200.0,15.0,18000
2726,L1,1200.0,15.0,18000
2727,L1,1200.0,15.0,18000
2728,L1,1200.0,15.0,18000
2729,L1,2750.0,15.0,41250
2730,L1,1200.0,15.0,18000
2731,L1,1200.0,15.0,18000
2732,L1,1200.0,15.0,18000
2733,L1,1200.0,15.0,18000
2734,L1,1200.0,15.0,18000
2735,L1,1200.0,15.0,18000
2736,L1,1200.0,15.0,18000
2737,L1,1200.0,15.0,18000
2738,L1,1200.0,15.0,18000
2739,L1,1200.0,15.0,18000
2740,L1,1200.0,15.0,18000
2741,L1,1200.0,15.0,18000
2742,L1,1200.0,15.0,18000
2743,L1,1200.0,15.0,18000
2744,L1,1200.0,15.0,18000
2745,L1,1200.0,15.0,18000
2746,L1,1200.0,15.0,18000
2747,L1,1444.0,15.0,21660
2748,L1,1261.0,15.0,18915
2749,L1,1529.0,15.0,22935
2750,L1,1364.0,15.0,20460
2751,L1,1284.0,15.0,19260
2752,J,3100.0,15.0,46500
2753,J,2250.0,15.0,33750
2754,J,2578.0,15.0,38670
2755,J,2033.0,15.0,30495
2756,J,2003.0,15.0,30045
2757,J,1772.0,15.0,26580
2758,J,2323.0,15.0,34845
2759,J,2000.0,15.0,30000
2760,J,1982.0,15.0,29730
2761,J,1981.0,15.0,29715
2762,J,1995.0,15.0,29925
2763,J,1794.0,15.0,26910
2764,J,1926.0,15.0,28890
2765,J,2000.0,15.0,30000
2766,J,2140.0,15.0,32100
2767,J,2025.0,15.0,30375
2768,J,2848.0,15.0,42720
2769,J,3401.0,15.0,51015
2770,J,2395.0,15.0,35925
2771,J,1979.0,15.0,29685
2772,J,1652.0,15.0,24780
2773,J,2402.0,15.0,36030
2774,J,1982.0,15.0,29730
2775,J,1983.0,15.0,29745
2776,J,1397.0,15.0,20955
2777,J,2004.0,15.0,30060
2778,J,2066.0,15.0,30990
2779,J,2073.0,15.0,31095
2780,J,1961.0,15.0,29415
2781,J,1929.0,15.0,28935
2782,J,2000.0,15.0,30000
2783,J,2005.0,15.0,30075
2784,J,2407.0,15.0,36105
2785,J,2053.0,15.0,30795
2786,J,2000.0,15.0,30000
2787,J,2178.0,15.0,32670
2788,J,2378.0,15.0,35670
2789,J,2000.0,15.0,30000
2790,J,2127.0,15.0,31905
2791,J,1800.0,15.0,27000
2792,J,1800.0,15.0,27000
2793,J,1934.0,15.0,29010
2794,J,1613.0,15.0,24195
2795,J,1750.0,15.0,26250
2796,J,1937.0,15.0,29055
2797,J,2000.0,15.0,30000
2798,J,2146.0,15.0,32190
2799,J,2374.0,15.0,35610
2800,J,2000.0,15.0,30000
2801,J,3270.0,15.0,49050
2802,J,1758.0,15.0,26370
2803,J,1856.0,15.0,27840
2804,J,1841.0,15.0,27615
2805,J,1887.0,15.0,28305
2806,J,2151.0,15.0,32265
2807,J,2000.0,15.0,30000
2808,J,2000.0,15.0,30000
2809,J,2000.0,15.0,30000
2810,J,2000.0,15.0,30000
2811,J,2976.0,15.0,44640
2812,J,2454.0,15.0,36810
2813,J,2160.0,15.0,32400
2814,J,1785.0,15.0,26775
2815,J,2000.0,15.0,30000
2816,J,2000.0,15.0,30000
2817,J,2000.0,15.0,30000
2818,J,2000.0,15.0,30000
2819,J,2000.0,15.0,30000
2820,J,2145.0,15.0,32175
2821,J,1568.0,15.0,23520
2822,J,2429.0,15.0,36435
2823,J,1993.0,15.0,29895
2824,J,2000.0,15.0,30000
2825,J,2000.0,15.0,30000
2826,J,2011.0,15.0,30165
2827,J,2370.0,15.0,35550
2828,J,1873.0,15.0,28095
2829,J,2000.0,15.0,30000
2830,J,2000.0,15.0,30000
2831,J,2000.0,15.0,30000
2832,J,2000.0,15.0,30000
2833,J,1792.0,15.0,26880
2834,J,2105.0,15.0,31575
2835,J,2446.0,15.0,36690
2836,J,2105.0,15.0,31575
2837,J,1997.0,15.0,29955
2838,J,1996.0,15.0,29940
2839,J,1996.0,15.0,29940
2840,J,1996.0,15.0,29940
2841,J,2614.0,15.0,39210
2842,J,2089.0,15.0,31335
2843,J,1995.0,15.0,29925
2844,J,1995.0,15.0,29925
2845,J,1995.0,15.0,29925
2846,J,2151.0,15.0,32265
2847,J,1968.0,15.0,29520
2848,J,2068.0,15.0,31020
2849,J,1996.0,15.0,29940
2850,J,1996.0,15.0,29940
2851,J,2366.0,15.0,35490
2852,J,2793.0,15.0,41895
2853,J,2346.0,15.0,35190
2854,J,2138.0,15.0,32070
2855,J,2003.0,15.0,30045
2856,J,2000.0,15.0,30000
2857,J,1983.0,15.0,29745
2858,J,2010.0,15.0,30150
2859,J,2405.0,15.0,36075
2860,J,2015.0,15.0,30225
2861,J,2135.0,15.0,32025
2862,J,2018.0,15.0,30270
2863,J,2008.0,15.0,30120
2864,J,2005.0,15.0,30075
2865,J,2256.0,15.0,33840
2866,J,1678.0,15.0,25170
2867,J,1599.0,15.0,23985
2868,J,1598.0,15.0,23970
2869,J,1598.0,15.0,23970
2870,J,1592.0,15.0,23880
2871,J,1592.0,15.0,23880
2872,J,1592.0,15.0,23880
2873,J,1592.0,15.0,23880
2874,J,1592.0,15.0,23880
2875,J,1592.0,15.0,23880
2876,J,1592.0,15.0,23880
2877,J,1592.0,15.0,23880
2878,J,2131.0,15.0,31965
2879,J,1748.0,15.0,26220
2880,J,2050.0,15.0,30750
2881,J,2076.0,15.0,31140
2882,J,1934.0,15.0,29010
2883,J,2098.0,15.0,31470
2884,J,1934.0,15.0,29010
2885,J,1934.0,15.0,29010
2886,J,1934.0,15.0,29010
2887,J,1934.0,15.0,29010
2888,J,1916.0,15.0,28740
2889,J,1919.0,15.0,28785
2890,J,1934.0,15.0,29010
2891,J,1934.0,15.0,29010
2892,J,1935.0,15.0,29025
2893,J,2372.0,15.0,35580
2894,J,2272.0,15.0,34080
2895,J,2699.0,15.0,40485
2896,J,2000.0,15.0,30000
2897,J,2267.0,15.0,34005
2898,J,2000.0,15.0,30000
2899,J,2000.0,15.0,30000
2900,J,2000.0,15.0,30000
2901,J,2218.0,15.0,33270
2902,J,2000.0,15.0,30000
2903,J,2000.0,15.0,30000
2904,J,2000.0,15.0,30000
2905,J,1764.0,15.0,26460
2906,J,2036.0,15.0,30540
2907,J,1750.0,15.0,26250
2908,J,1750.0,15.0,26250
2909,J,1746.0,15.0,26190
2910,J,2321.0,15.0,34815
2911,J,1811.0,15.0,27165
2912,J,1982.0,15.0,29730
2913,J,1977.0,15.0,29655
2914,J,1837.0,15.0,27555
2915,J,1759.0,15.0,26385
2916,J,1750.0,15.0,26250
2917,J,1750.0,15.0,26250
2918,J,2142.0,15.0,32130
2919,J,2168.0,15.0,32520
2920,J,2000.0,15.0,30000
2921,J,2000.0,15.0,30000
2922,J,3255.0,15.0,48825
2923,J,2766.0,15.0,41490
2924,J,3166.0,15.0,47490
2925,J,3354.0,15.0,50310
2926,K,2074.0,15.0,31110
2927,K,2000.0,15.0,30000
2928,K,2000.0,15.0,30000
2929,K,2000.0,15.0,30000
2930,K,2000.0,15.0,30000
2931,K,1966.0,15.0,29490
2932,K,1977.0,15.0,29655
2933,K,2000.0,15.0,30000
2934,K,2000.0,15.0,30000
2935,K,2000.0,15.0,30000
2936,K,2000.0,15.0,30000
2937,K,2092.0,15.0,31380
2938,K,1977.0,15.0,29655
2939,K,2000.0,15.0,30000
2940,K,2000.0,15.0,30000
2941,K,2000.0,15.0,30000
2942,K,2000.0,15.0,30000
2943,K,2092.0,15.0,31380
2944,K,2086.0,15.0,31290
2945,K,2000.0,15.0,30000
2946,K,2000.0,15.0,30000
2947,K,2000.0,15.0,30000
2948,K,2000.0,15.0,30000
2949,K,1971.0,15.0,29565
2950,K,2310.0,15.0,34650
2951,K,2000.0,15.0,30000
2952,K,2000.0,15.0,30000
2953,K,2000.0,15.0,30000
2954,K,1432.0,15.0,21480
2955,K,1594.0,15.0,23910
2956,K,1866.0,15.0,27990
2957,K,2185.0,15.0,32775
2958,K,1898.0,15.0,28470
2959,K,1898.0,15.0,28470
2960,K,2211.0,15.0,33165
2961,K,2475.0,15.0,37125
2962,K,1559.0,15.0,23385
2963,K,1558.0,15.0,23370
2964,K,1895.0,15.0,28425
2965,K,1894.0,15.0,28410
2966,K,2017.0,15.0,30255
2967,K,2127.0,15.0,31905
2968,K,2436.0,15.0,36540
2969,K,2000.0,15.0,30000
2970,K,2000.0,15.0,30000
2971,K,2000.0,15.0,30000
2972,K,2000.0,15.0,30000
2973,K,1964.0,15.0,29460
2974,K,1986.0,15.0,29790
2975,K,2004.0,15.0,30060
2976,K,2004.0,15.0,30060
2977,K,2004.0,15.0,30060
2978,K,2004.0,15.0,30060
2979,K,2594.0,15.0,38910
2980,K,2829.0,15.0,42435
2981,K,2000.0,15.0,30000
2982,K,2000.0,15.0,30000
2983,K,2000.0,15.0,30000
2984,K,1982.0,15.0,29730
2985,K,2096.0,15.0,31440
2986,K,2000.0,15.0,30000
2987,K,1668.0,15.0,25020
2988,K,2948.0,15.0,44220
2989,K,2125.0,15.0,31875
2990,K,2000.0,15.0,30000
2991,K,2000.0,15.0,30000
2992,K,3768.0,15.0,56520
2993,K,2598.0,15.0,38970
2994,K,1880.0,15.0,28200
2995,K,1880.0,15.0,28200
2996,K,1880.0,15.0,28200
2997,K,1880.0,15.0,28200
2998,K,1880.0,15.0,28200
2999,K,2818.0,15.0,42270
3000,K,2361.0,15.0,35415
3001,K,1285.0,15.0,19275
3002,K,1855.0,15.0,27825
3003,K,1804.0,15.0,27060
3004,K,2004.0,15.0,30060
3005,K,2000.0,15.0,30000
3006,K,2000.0,15.0,30000
3007,K,2000.0,15.0,30000
3008,K,2000.0,15.0,30000
3009,K,2000.0,15.0,30000
3010,K,2000.0,15.0,30000
3011,K,2000.0,15.0,30000
3012,K,2000.0,15.0,30000
3013,K,1899.0,15.0,28485
3014,K,1902.0,15.0,28530
3015,K,1900.0,15.0,28500
3016,K,1899.0,15.0,28485
3017,K,2066.0,15.0,30990
3018,K,2068.0,15.0,31020
3019,K,1900.0,15.0,28500
3020,K,1901.0,15.0,28515
3021,K,1895.0,15.0,28425
3022,K,1897.0,15.0,28455
3023,K,1990.0,15.0,29850
3024,K,1995.0,15.0,29925
3025,K,1995.0,15.0,29925
3026,K,1995.0,15.0,29925
3027,K,1994.0,15.0,29910
3028,K,1994.0,15.0,29910
3029,K,1994.0,15.0,29910
3030,K,1993.0,15.0,29895
3031,K,2003.0,15.0,30045
3032,K,3676.0,15.0,55140
3033,K,2255.0,15.0,33825
3034,K,1794.0,15.0,26910
3035,K,1795.0,15.0,26925
3036,K,1897.0,15.0,28455
3037,K,1899.0,15.0,28485
3038,K,1900.0,15.0,28500
3039,K,1901.0,15.0,28515
3040,K,2003.0,15.0,30045
3041,K,2002.0,15.0,30030
3042,K,2003.0,15.0,30045
3043,K,2001.0,15.0,30015
3044,K,2002.0,15.0,30030
3045,K,2003.0,15.0,30045
3046,K,2003.0,15.0,30045
3047,K,2110.0,15.0,31650
3048,K,2085.0,15.0,31275
3049,K,1983.0,15.0,29745
3050,K,1985.0,15.0,29775
3051,K,1986.0,15.0,29790
3052,K,1987.0,15.0,29805
3053,K,1988.0,15.0,29820
3054,K,1989.0,15.0,29835
3055,K,1990.0,15.0,29850
3056,K,1891.0,15.0,28365
3057,K,1892.0,15.0,28380
3058,K,1893.0,15.0,28395
3059,K,1894.0,15.0,28410
3060,K,1798.0,15.0,26970
3061,K,1796.0,15.0,26940
3062,K,2057.0,15.0,30855
3063,Q,1641.0,15.0,24615
3064,Q,2000.0,15.0,30000
3065,Q,2000.0,15.0,30000
3066,Q,2000.0,15.0,30000
3067,Q,2000.0,15.0,30000
3068,Q,1998.0,15.0,29970
3069,Q,1977.0,15.0,29655
3070,Q,1982.0,15.0,29730
3071,Q,2000.0,15.0,30000
3072,Q,2000.0,15.0,30000
3073,Q,2000.0,15.0,30000
3074,Q,2000.0,15.0,30000
3075,Q,2000.0,15.0,30000
3076,Q,1622.0,15.0,24330
3077,Q,1595.0,15.0,23925
3078,Q,2000.0,15.0,30000
3079,Q,2000.0,15.0,30000
3080,Q,2000.0,15.0,30000
3081,Q,2000.0,15.0,30000
3082,Q,2000.0,15.0,30000
3083,Q,2093.0,15.0,31395
3084,Q,3288.0,15.0,49320
3085,Q,2491.0,15.0,37365
3086,Q,2514.0,15.0,37710
3087,Q,2514.0,15.0,37710
3088,Q,2514.0,15.0,37710
3089,Q,2514.0,15.0,37710
3090,Q,3016.0,15.0,45240
3091,Q,3424.0,15.0,51360
3092,Q,2302.0,15.0,34530
3093,Q,2470.0,15.0,37050
3094,Q,2382.0,15.0,35730
3095,Q,2676.0,15.0,40140
3096,Q,2971.0,15.0,44565
3097,Q,3265.0,15.0,48975
3098,Q,3542.0,15.0,53130
3099,O,3135.0,15.0,47025
3100,O,2000.0,15.0,30000
3101,O,2000.0,15.0,30000
3102,O,2000.0,15.0,30000
3103,O,2118.0,15.0,31770
3104,O,2000.0,15.0,30000
3105,O,2000.0,15.0,30000
3106,O,2000.0,15.0,30000
3107,O,2000.0,15.0,30000
3108,O,2000.0,15.0,30000
3109,O,2000.0,15.0,30000
3110,O,2079.0,15.0,31185
3111,O,2000.0,15.0,30000
3112,O,2000.0,15.0,30000
3113,O,2243.0,15.0,33645
3114,O,2000.0,15.0,30000
3115,O,2000.0,15.0,30000
3116,O,2000.0,15.0,30000
3117,O,2000.0,15.0,30000
3118,O,2000.0,15.0,30000
3119,O,2000.0,15.0,30000
3120,O,2000.0,15.0,30000
3121,O,1972.0,15.0,29580
3122,A,1972.0,15.0,29580
3123,A,1251.0,15.0,18765
3124,A,1250.0,15.0,18750
3125,A,1250.0,15.0,18750
3126,A,1390.0,15.0,20850
3127,A,1250.0,15.0,18750
3128,A,1250.0,15.0,18750
3129,A,1250.0,15.0,18750
3130,A,1250.0,15.0,18750
3131,A,1250.0,15.0,18750
3132,A,1463.0,15.0,21945
3133,A,1594.0,15.0,23910
3134,A,1500.0,15.0,22500
3135,A,1500.0,15.0,22500
3136,A,1500.0,15.0,22500
3137,A,1500.0,15.0,22500
3138,A,1500.0,15.0,22500
3139,A,1500.0,15.0,22500
3140,A,1500.0,15.0,22500
3142,A,1500.0,15.0,22500
3143,A,1500.0,15.0,22500
3144,A,1501.0,15.0,22515
3145,A,2439.0,15.0,36585
3146,A,1500.0,15.0,22500
3147,A,1500.0,15.0,22500
3148,A,1500.0,15.0,22500
3149,A,1664.0,15.0,24960
3150,A,2105.0,15.0,31575
3151,A,1791.0,15.0,26865
3152,A,1502.0,15.0,22530
3153,A,1501.0,15.0,22515
3154,A,1500.0,15.0,22500
3155,A,1500.0,15.0,22500
3156,A,2006.0,15.0,30090
3157,A,1500.0,15.0,22500
3158,A,1500.0,15.0,22500
3159,A,1500.0,15.0,22500
3160,A,1500.0,15.0,22500
3161,A,1500.0,15.0,22500
3162,A,1500.0,15.0,22500
3163,A,1500.0,15.0,22500
3164,A,1500.0,15.0,22500
3165,A,1500.0,15.0,22500
3166,A,1500.0,15.0,22500
3167,A,1500.0,15.0,22500
3168,A,2582.0,15.0,38730
3169,A,1493.0,15.0,22395
3170,A,1514.0,15.0,22710
3171,A,1500.0,15.0,22500
3172,A,1497.0,15.0,22455
3173,A,1499.0,15.0,22485
3174,A,1486.0,15.0,22290
3175,A,1485.0,15.0,22275
3176,A,1753.0,15.0,26295
3177,A,2132.0,15.0,31980
3178,A,1506.0,15.0,22590
3179,A,1500.0,15.0,22500
3180,A,1500.0,15.0,22500
3181,A,1500.0,15.0,22500
3182,A,1815.0,15.0,27225
3183,A,1513.0,15.0,22695
3184,A,1510.0,15.0,22650
3185,A,1509.0,15.0,22635
3186,A,1503.0,15.0,22545
3187,A,1500.0,15.0,22500
3188,A,1500.0,15.0,22500
3189,A,1500.0,15.0,22500
3190,A,1500.0,15.0,22500
3191,A,1500.0,15.0,22500
3192,A,1500.0,15.0,22500
3193,A,1497.0,15.0,22455
3194,A,1502.0,15.0,22530
3195,A,1677.0,15.0,25155
3196,A,1500.0,15.0,22500
3197,A,1500.0,15.0,22500
3198,A,1500.0,15.0,22500
3199,A,1500.0,15.0,22500
3200,A,2609.0,15.0,39135
3201,A,3017.0,15.0,45255
3202,A,3510.0,15.0,52650
3203,A,2000.0,15.0,30000
3204,A,2000.0,15.0,30000
3205,A,2000.0,15.0,30000
3206,A,2000.0,15.0,30000
3207,A,2374.0,15.0,35610
3208,A,2004.0,15.0,30060
3209,A,2004.0,15.0,30060
3210,A,2004.0,15.0,30060
3211,A,2004.0,15.0,30060
3212,A,2004.0,15.0,30060
3213,A,2004.0,15.0,30060
3214,A,2004.0,15.0,30060
3215,A,2004.0,15.0,30060
3216,A,2004.0,15.0,30060
3217,A,2033.0,15.0,30495
3218,A,2879.0,15.0,43185
3219,A,2090.0,15.0,31350
3220,A,2033.0,15.0,30495
3221,A,2000.0,15.0,30000
3222,A,2000.0,15.0,30000
3223,A,2000.0,15.0,30000
3224,A,2000.0,15.0,30000
3225,A,2000.0,15.0,30000
3226,A,2000.0,15.0,30000
3227,A,2000.0,15.0,30000
3228,A,2000.0,15.0,30000
3229,A,2000.0,15.0,30000
3230,A,1859.0,15.0,27885
3231,A,2000.0,15.0,30000
3232,A,2000.0,15.0,30000
3233,A,2000.0,15.0,30000
3234,A,2000.0,15.0,30000
3235,A,2000.0,15.0,30000
3236,A,2934.0,15.0,44010
3237,A,2381.0,15.0,35715
3238,A,2005.0,15.0,30075
3239,A,1977.0,15.0,29655
3240,A,1990.0,15.0,29850
3241,A,2009.0,15.0,30135
3242,A,2306.0,15.0,34590
3243,A,2163.0,15.0,32445
3244,A,2000.0,15.0,30000
3245,A,2000.0,15.0,30000
3246,A,2031.0,15.0,30465
3247,A,2031.0,15.0,30465
3248,A,2000.0,15.0,30000
3249,A,2000.0,15.0,30000
3250,A,2031.0,15.0,30465
3251,A,2031.0,15.0,30465
3252,A,2031.0,15.0,30465
3253,A,2000.0,15.0,30000
3254,A,2000.0,15.0,30000
3255,A,2000.0,15.0,30000
3256,A,2000.0,15.0,30000
3257,A,3316.0,15.0,49740
3258,A,2688.0,15.0,40320
3259,A,1984.0,15.0,29760
3260,A,1995.0,15.0,29925
3261,A,2004.0,15.0,30060
3262,A,1995.0,15.0,29925
3263,A,1995.0,15.0,29925
3264,A,1995.0,15.0,29925
3265,A,1995.0,15.0,29925
3266,A,1995.0,15.0,29925
3267,A,1995.0,15.0,29925
3268,A,2000.0,15.0,30000
3269,A,2000.0,15.0,30000
3270,A,2927.0,15.0,43905
3271,A,2778.0,15.0,41670
3272,A,3278.0,15.0,49170
3273,A,1935.0,15.0,29025
3274,A,2000.0,15.0,30000
3275,A,1993.0,15.0,29895
3276,A,2000.0,15.0,30000
3277,A,3278.0,15.0,49170
3278,A,1994.0,15.0,29910
3279,A,1996.0,15.0,29940
3280,A,1851.0,15.0,27765
3281,A,4575.0,15.0,68625
3282,A,1212.0,15.0,18180
3283,A,2006.0,15.0,30090
3284,A,2100.0,15.0,31500
3285,A,2357.0,15.0,35355
3286,A,2354.0,15.0,35310
3287,A,1840.0,15.0,27600
3288,A,1848.0,15.0,27720
3289,A,2488.0,15.0,37320
3290,A,1976.0,15.0,29640
3291,A,2002.0,15.0,30030
3292,A,2002.0,15.0,30030
3293,A,2002.0,15.0,30030
3294,A,2002.0,15.0,30030
3295,A,2000.0,15.0,30000
3296,A,1988.0,15.0,29820
3297,A,2005.0,15.0,30075
3298,A,2977.0,15.0,44655
3299,A,2067.0,15.0,31005
3300,A,2152.0,15.0,32280
3301,A,2173.0,15.0,32595
3302,A,1708.0,15.0,25620
3303,A,1700.0,15.0,25500
3304,A,1700.0,15.0,25500
3305,A,1700.0,15.0,25500
3306,A,1700.0,15.0,25500
3307,A,1700.0,15.0,25500
3308,A,1700.0,15.0,25500
3309,A,1700.0,15.0,25500
3310,A,3064.0,15.0,45960
3311,B,1742.0,15.0,26130
3312,B,1150.0,15.0,17250
3313,B,1150.0,15.0,17250
3314,B,1150.0,15.0,17250
3315,B,1150.0,15.0,17250
3316,B,1150.0,15.0,17250
3317,B,1201.0,15.0,18015
3318,B,1425.0,15.0,21375
3319,B,1150.0,15.0,17250
3320,B,1150.0,15.0,17250
3321,B,1150.0,15.0,17250
3322,B,1150.0,15.0,17250
3323,B,1150.0,15.0,17250
3324,B,1517.0,15.0,22755
3325,B,1361.0,15.0,20415
3326,B,1150.0,15.0,17250
3327,B,1150.0,15.0,17250
3328,B,1150.0,15.0,17250
3329,B,1150.0,15.0,17250
3330,B,1150.0,15.0,17250
3331,B,1625.0,15.0,24375
3332,B,1356.0,15.0,20340
3333,B,1644.0,15.0,24660
3334,B,1644.0,15.0,24660
3335,B,1644.0,15.0,24660
3336,B,1644.0,15.0,24660
3337,B,1644.0,15.0,24660
3338,B,1644.0,15.0,24660
3339,B,1644.0,15.0,24660
3340,B,1644.0,15.0,24660
3341,B,1644.0,15.0,24660
3342,B,1644.0,15.0,24660
3343,B,1644.0,15.0,24660
3344,B,1644.0,15.0,24660
3345,B,1644.0,15.0,24660
3346,B,1644.0,15.0,24660
3347,B,1469.0,15.0,22035
3348,B,1356.0,15.0,20340
3349,B,1200.0,15.0,18000
3350,B,1200.0,15.0,18000
3351,B,1200.0,15.0,18000
3352,B,1200.0,15.0,18000
3353,B,1200.0,15.0,18000
3354,B,1200.0,15.0,18000
3355,B,1200.0,15.0,18000
3356,B,1200.0,15.0,18000
3357,B,1200.0,15.0,18000
3358,B,1200.0,15.0,18000
3359,B,1200.0,15.0,18000
3360,B,1200.0,15.0,18000
3361,B,1200.0,15.0,18000
3362,B,1200.0,15.0,18000
3363,B,1545.0,15.0,23175
3364,B,1826.0,15.0,27390
3365,B,1200.0,15.0,18000
3366,B,1200.0,15.0,18000
3367,B,1200.0,15.0,18000
3368,B,1200.0,15.0,18000
3369,B,1200.0,15.0,18000
3370,B,1200.0,15.0,18000
3371,B,1200.0,15.0,18000
3372,B,1200.0,15.0,18000
3373,B,1200.0,15.0,18000
3374,B,1200.0,15.0,18000
3375,B,1200.0,15.0,18000
3376,B,1200.0,15.0,18000
3377,B,1200.0,15.0,18000
3378,B,1200.0,15.0,18000
3379,B,1200.0,15.0,18000
3380,B,1200.0,15.0,18000
3381,B,1200.0,15.0,18000
3382,B,1405.0,15.0,21075
3383,B,1188.0,15.0,17820
3384,B,1191.0,15.0,17865
3385,B,2158.0,15.0,32370
3386,B,2162.0,15.0,32430
3387,B,1191.0,15.0,17865
3388,B,1030.0,15.0,15450
3389,B,1427.0,15.0,21405
3390,B,1200.0,15.0,18000
3391,B,1200.0,15.0,18000
3392,B,1200.0,15.0,18000
3393,B,1200.0,15.0,18000
3394,B,1200.0,15.0,18000
3395,B,1200.0,15.0,18000
3396,B,1200.0,15.0,18000
3397,B,1200.0,15.0,18000
3398,B,1200.0,15.0,18000
3399,B,1200.0,15.0,18000
3400,B,1200.0,15.0,18000
3401,B,1200.0,15.0,18000
3402,B,1200.0,15.0,18000
3403,B,1200.0,15.0,18000
3404,B,1200.0,15.0,18000
3405,B,1200.0,15.0,18000
3406,B,2016.0,15.0,30240
3407,B,1045.0,15.0,15675
3408,B,1200.0,15.0,18000
3409,B,1200.0,15.0,18000
3410,B,1200.0,15.0,18000
3411,B,1200.0,15.0,18000
3412,B,1200.0,15.0,18000
3413,B,1200.0,15.0,18000
3414,B,1200.0,15.0,18000
3415,B,1200.0,15.0,18000
3416,B,1200.0,15.0,18000
3417,B,1200.0,15.0,18000
3418,B,1200.0,15.0,18000
3419,B,1200.0,15.0,18000
3420,B,1200.0,15.0,18000
3421,B,1200.0,15.0,18000
3422,B,1200.0,15.0,18000
3423,B,1200.0,15.0,18000
3424,B,1200.0,15.0,18000
3425,B,1620.0,15.0,24300
3426,B,1200.0,15.0,18000
3427,B,1331.0,15.0,19965
3428,B,1292.0,15.0,19380
3429,B,1188.0,15.0,17820
3430,B,1474.0,15.0,22110
3431,B,1200.0,15.0,18000
3432,B,1200.0,15.0,18000
3433,B,1200.0,15.0,18000
3434,B,1200.0,15.0,18000
3435,B,1200.0,15.0,18000
3436,B,1200.0,15.0,18000
3437,B,1200.0,15.0,18000
3438,B,1200.0,15.0,18000
3439,B,1200.0,15.0,18000
3440,B,1200.0,15.0,18000
3441,B,1200.0,15.0,18000
3442,B,1200.0,15.0,18000
3443,B,1200.0,15.0,18000
3444,B,1200.0,15.0,18000
3445,B,1200.0,15.0,18000
3446,B,1200.0,15.0,18000
3447,B,1228.0,15.0,18420
3448,B,2343.0,15.0,35145
3449,B,1200.0,15.0,18000
3450,B,1200.0,15.0,18000
3451,B,1200.0,15.0,18000
3452,B,1200.0,15.0,18000
3453,B,1508.0,15.0,22620
3454,B,1200.0,15.0,18000
3455,B,1200.0,15.0,18000
3456,B,1200.0,15.0,18000
3457,B,1200.0,15.0,18000
3458,B,1200.0,15.0,18000
3459,B,1200.0,15.0,18000
3460,B,1200.0,15.0,18000
3461,B,1200.0,15.0,18000
3462,B,1200.0,15.0,18000
3463,B,1200.0,15.0,18000
3464,B,1200.0,15.0,18000
3465,B,1200.0,15.0,18000
3466,B,1200.0,15.0,18000
3467,B,1200.0,15.0,18000
3468,B,1200.0,15.0,18000
3469,B,1249.0,15.0,18735
3470,B,1203.0,15.0,18045
3471,B,1223.0,15.0,18345
3472,B,2198.0,15.0,32970
3473,B,2414.0,15.0,36210
3474,B,2377.0,15.0,35655
3475,B,2106.0,15.0,31590
3476,B,1211.0,15.0,18165
3477,B,1200.0,15.0,18000
3478,B,1200.0,15.0,18000
3479,B,1200.0,15.0,18000
3480,B,1200.0,15.0,18000
3481,B,1200.0,15.0,18000
3482,B,1200.0,15.0,18000
3483,B,1200.0,15.0,18000
3484,B,1200.0,15.0,18000
3485,B,1200.0,15.0,18000
3486,B,1200.0,15.0,18000
3487,B,1200.0,15.0,18000
3488,B,1200.0,15.0,18000
3489,B,1200.0,15.0,18000
3490,B,1707.0,15.0,25605
3491,B,1200.0,15.0,18000
3492,B,1200.0,15.0,18000
3493,B,1200.0,15.0,18000
3494,B,1200.0,15.0,18000
3495,B,1200.0,15.0,18000
3496,B,1804.0,15.0,27060
3497,M,2153.0,15.0,32295
3498,M,1468.0,15.0,22020
3499,M,2969.0,15.0,44535
3500,M,1481.0,15.0,22215
3501,M,3067.0,15.0,46005
3502,M,1981.0,15.0,29715
3503,M,1195.0,15.0,17925
3504,M,1195.0,15.0,17925
3505,M,1195.0,15.0,17925
3506,M,1195.0,15.0,17925
3507,M,1196.0,15.0,17940
3508,M,1370.0,15.0,20550
3509,M,1639.0,15.0,24585
3510,M,1200.0,15.0,18000
3511,M,1200.0,15.0,18000
3512,M,1200.0,15.0,18000
3513,M,1200.0,15.0,18000
3514,M,1655.0,15.0,24825
3515,M,1120.0,15.0,16800
3516,M,1138.0,15.0,17070
3517,M,1138.0,15.0,17070
3518,M,1138.0,15.0,17070
3519,M,1138.0,15.0,17070
3520,M,1138.0,15.0,17070
3521,M,1138.0,15.0,17070
3522,M,1138.0,15.0,17070
3523,M,1332.0,15.0,19980
3524,M,1334.0,15.0,20010
3525,M,1150.0,15.0,17250
3526,M,1150.0,15.0,17250
3527,M,1150.0,15.0,17250
3528,M,1150.0,15.0,17250
3529,M,1150.0,15.0,17250
3530,M,1150.0,15.0,17250
3531,M,1150.0,15.0,17250
3532,M,1140.0,15.0,17100
3533,M,1050.0,15.0,15750
3534,M,1000.0,15.0,15000
3535,M,1000.0,15.0,15000
3536,M,1000.0,15.0,15000
3537,M,1000.0,15.0,15000
3538,M,1000.0,15.0,15000
3539,M,1000.0,15.0,15000
3540,M,1000.0,15.0,15000
3541,M,1000.0,15.0,15000
3542,M,1000.0,15.0,15000
3543,M,1000.0,15.0,15000
3544,M,1000.0,15.0,15000
3545,M,1000.0,15.0,15000
3546,M,1000.0,15.0,15000
3547,M,1000.0,15.0,15000
3548,M,1000.0,15.0,15000
3549,M,1000.0,15.0,15000
3550,M,1000.0,15.0,15000
3551,M,1440.0,15.0,21600
3552,M,1142.0,15.0,17130
3553,M,1161.0,15.0,17415
3554,M,1120.0,15.0,16800
3555,M,1120.0,15.0,16800
3556,M,1120.0,15.0,16800
3557,M,1120.0,15.0,16800
3558,M,1120.0,15.0,16800
3559,M,1119.0,15.0,16785
3560,M,1171.0,15.0,17565
3561,M,1430.0,15.0,21450
3562,M,1345.0,15.0,20175
3563,M,1200.0,15.0,18000
3564,M,1200.0,15.0,18000
3565,M,1200.0,15.0,18000
3566,M,1200.0,15.0,18000
3567,M,1200.0,15.0,18000
3568,M,1200.0,15.0,18000
3569,M,1690.0,15.0,25350
3570,M,1682.0,15.0,25230
3571,M,1200.0,15.0,18000
3572,M,1187.0,15.0,17805
3573,M,1196.0,15.0,17940
3574,M,1202.0,15.0,18030
3575,M,1202.0,15.0,18030
3576,M,1197.0,15.0,17955
3577,M,1431.0,15.0,21465
3578,M,1221.0,15.0,18315
3579,M,1092.0,15.0,16380
3580,M,1084.0,15.0,16260
3581,M,1090.0,15.0,16350
3582,M,1090.0,15.0,16350
3583,M,1090.0,15.0,16350
3584,M,1137.0,15.0,17055
3585,M,1119.0,15.0,16785
3586,M,1620.0,15.0,24300
3587,M,1200.0,15.0,18000
3588,M,1200.0,15.0,18000
3589,M,1200.0,15.0,18000
3590,M,1200.0,15.0,18000
3591,M,1200.0,15.0,18000
3592,M,1200.0,15.0,18000
3593,M,1658.0,15.0,24870
3594,M,1659.0,15.0,24885
3595,M,1200.0,15.0,18000
3596,M,1200.0,15.0,18000
3597,M,1200.0,15.0,18000
3598,M,1200.0,15.0,18000
3599,M,1200.0,15.0,18000
3600,M,1200.0,15.0,18000
3601,M,1200.0,15.0,18000
3602,M,1890.0,15.0,28350
3603,M,2456.0,15.0,36840
3604,M,1945.0,15.0,29175
3605,M,1200.0,15.0,18000
3606,M,1200.0,15.0,18000
3607,M,1200.0,15.0,18000
3608,M,1200.0,15.0,18000
3609,M,1200.0,15.0,18000
3610,M,1200.0,15.0,18000
3611,M,1200.0,15.0,18000
3612,M,1200.0,15.0,18000
3613,M,1710.0,15.0,25650
3614,M,1362.0,15.0,20430
3615,M,1200.0,15.0,18000
3616,M,1200.0,15.0,18000
3617,M,1200.0,15.0,18000
3618,M,1200.0,15.0,18000
3619,M,1200.0,15.0,18000
3620,M,1200.0,15.0,18000
3621,M,1200.0,15.0,18000
3622,M,1200.0,15.0,18000
3623,M,1200.0,15.0,18000
3624,M,1184.0,15.0,17760
3625,M,1205.0,15.0,18075
3626,M,1200.0,15.0,18000
3627,M,1200.0,15.0,18000
3628,M,1200.0,15.0,18000
3629,M,1200.0,15.0,18000
3630,M,1200.0,15.0,18000
3631,M,1200.0,15.0,18000
3632,M,1200.0,15.0,18000
3633,M,1200.0,15.0,18000
3634,M,1681.0,15.0,25215
3635,M,2174.0,15.0,32610
3636,M,1186.0,15.0,17790
3637,M,1200.0,15.0,18000
3638,M,1200.0,15.0,18000
3639,M,1200.0,15.0,18000
3640,M,1200.0,15.0,18000
3641,M,1200.0,15.0,18000
3642,M,1200.0,15.0,18000
3643,M,1200.0,15.0,18000
3644,M,1200.0,15.0,18000
3645,M,1827.0,15.0,27405
3646,I,29600,15.0,444000
3647,D,36900,15.0,553500
3648,D,33600,15.0,504000
3649,R,30095,15.0,451425
3650,H,35734,15.0,536010
3651,L3,24366,15.0,365490
3652,H,49400,15.0,741000
3653,R,34961,15.0,524415
3654,R,39017,15.0,585255
3655,R,32990,15.0,494850
3656,G,42393,15.0,635895
3657,G,18953,15.0,284295
3658,B,39500,15.0,592500
3659,B,120000,15.0,1800000
3660,N,48100,15.0,721500
3661,N,29000,15.0,435000
3662,N,27800,15.0,417000
3663,N,28100,15.0,421500
3664,L2,96000,15.0,1440000
3665,L2,42597,15.0,638955
3666,L3,30453,15.0,456795
3667,P,23294,15.0,349410
3668,P,29600,15.0,444000
3669,P,14811,15.0,222165
3670,P,76000,15.0,1140000
3671,L1,47445,15.0,711675
3672,K,79800,15.0,1197000
3673,U3,41172,15.0,617580
3674,U3,41172,15.0,617580
3675,S2,33298,15.0,499470
3676,S2,52414,15.0,786210
3677,T,88000,15.0,1320000
3678,T,88000,15.0,1320000
3679,E,37000.0,15.0,555000
3680,D,1614.0,15.0,24210
3681,R,36000.0,15.0,540000
3682,C,36000,15.0,540000
3683,C,17815,15.0,267225
3684,C,151671,15.0,2275065
3685,R,2172,15.0,32580
3686,R,2172,15.0,32580
3687,D,12466,15.0,186990
3688,D,7900,15.0,118500
3689,I,2842,15.0,42630
3690,I,2530,15.0,37950
3691,I,78841.0,15.0,1182615
3692,H,11819,15.0,177285
3693,-,40200,15.0,603000
3694,L3,50249.0,15.0,753735
3695,L3,12340,15.0,185100
3696,L3,4680.0,15.0,70200
3697,L3,2306.0,15.0,34590
3698,L3,2364,15.0,35460
3699,L3,15100,15.0,226500
3700,L3,2029,15.0,30435
3701,L3,3324,15.0,49860
3702,L3,32957.0,15.0,494355
3703,L2,1900.0,15.0,28500
3704,L2,29000.0,15.0,435000
3705,L2,4900.0,15.0,73500
3706,L2,41165.0,15.0,617475
3707,L2,69840.0,15.0,1047600
3708,L2,15436.0,15.0,231540
3709,L2,15430.0,15.0,231450
3710,L2,2799.0,15.0,41985
3711,L2,2000.0,15.0,30000
3712,L2,2000.0,15.0,30000
3713,L2,3325.0,15.0,49875
3714,L2,1843.0,15.0,27645
3715,L2,2203.0,15.0,33045
3716,P,2357.0,15.0,35355
3717,P,78222.0,15.0,1173330
3718,S1,34927.0,15.0,523905
3719,S1,48586.0,15.0,728790
3720,P,96831.0,15.0,1452465
3721,L1,47000.0,15.0,705000
3722,L1,34300.0,15.0,514500
3723,P,54490.0,15.0,817350
3724,L1,60000.0,15.0,900000
3725,L1,3383.0,15.0,50745
3726,P,3116.0,15.0,46740
3727,P,2000.0,15.0,30000
3728,P,2000.0,15.0,30000
3729,P,7957.0,15.0,119355
3730,P,2548.0,15.0,38220
3731,P,2000.0,15.0,30000
3732,P,2000.0,15.0,30000
3733,P,7953.0,15.0,119295
3734,J,5894.0,15.0,88410
3735,J,18700.0,15.0,280500
3736,J,87500.0,15.0,1312500
3737,J,1081.0,15.0,16215
3738,J,23700.0,15.0,355500
3739,J,2600.0,15.0,39000
3740,J,28952.0,15.0,434280
3741,J,28952.0,15.0,434280
3742,N,35600.0,15.0,534000
3743,K,28952.0,15.0,434280
3744,K,4631.0,15.0,69465
3745,K,1049.0,15.0,15735
3746,K,41000.0,15.0,615000
3747,K,116700.0,15.0,1750500
3748,K,38000.0,15.0,570000
3749,Q,4881.0,15.0,73215
3750,-,26000.0,15.0,390000
3751,-,25000.0,15.0,375000
3752,-,13100.0,15.0,196500
3753,-,33500.0,15.0,502500
3754,-,37500.0,15.0,562500
3755,-,17300.0,15.0,259500
3756,-,87500.0,15.0,1312500
3757,F,221890.0,15.0,3328350
3758,A,4800.0,15.0,72000
3759,A,62800.0,15.0,942000
3760,U2,54438.0,15.0,816570
3761,U2,54438.0,15.0,816570
3762,A,11562.0,15.0,173430
3763,A,24750.0,15.0,371250
3764,A,14468.0,15.0,217020
3765,G,2000.0,15.0,30000
3766,G,25089.0,15.0,376335
3767,G,3600.0,15.0,54000
3768,R,78600.0,15.0,1179000
3769,R,35700.0,15.0,535500
3770,R,42040.0,15.0,630600
3771,G,1978.0,15.0,29670
3772,G,1768.0,15.0,26520
3773,G,1747.0,15.0,26205
3774,G,4057.0,15.0,60855
3775,N,2019.0,15.0,30285
3776,N,27800.0,15.0,417000
3777,N,3141.0,15.0,47115
3778,N,3100.0,15.0,46500
3779,N,2700.0,15.0,40500
3780,N,24000.0,15.0,360000
3781,N,6300.0,15.0,94500
3782,N,4200.0,15.0,63000
3783,N,9800.0,15.0,147000
3784,N,16800.0,15.0,252000
3785,N,8800.0,15.0,132000
3786,N,17350.0,15.0,260250
3787,N,21714.0,15.0,325710
3788,L3,2712.0,15.0,40680
3789,E,5000.0,15.0,75000
3790,D,5470.0,15.0,82050
3791,N,3700.0,15.0,55500
3792,C,27577.0,15.0,413655
3793,N,2026,15.0,30390
